TRUNCATE TABLE attendance;

CREATE TABLE `attendance` (
  `attendance_id` int(11) NOT NULL AUTO_INCREMENT,
  `attendance_peaple` int(11) NOT NULL,
  `attendance_session` text NOT NULL,
  `attendance_date` date NOT NULL,
  PRIMARY KEY (`attendance_id`),
  KEY `attendance_peaple` (`attendance_peaple`)
) ENGINE=MyISAM AUTO_INCREMENT=237 DEFAULT CHARSET=latin1

INSERT INTO attendance VALUES("1", "348", "1", "2020-09-13");
INSERT INTO attendance VALUES("2", "127", "1", "2020-09-13");
INSERT INTO attendance VALUES("3", "331", "1", "2020-09-13");
INSERT INTO attendance VALUES("4", "52", "1", "2020-09-13");
INSERT INTO attendance VALUES("5", "355", "1", "2020-09-13");
INSERT INTO attendance VALUES("6", "56", "1", "2020-09-13");
INSERT INTO attendance VALUES("7", "40", "1", "2020-09-13");
INSERT INTO attendance VALUES("8", "51", "1", "2020-09-13");
INSERT INTO attendance VALUES("9", "13", "1", "2020-09-13");
INSERT INTO attendance VALUES("10", "104", "1", "2020-09-13");
INSERT INTO attendance VALUES("11", "23", "1", "2020-09-13");
INSERT INTO attendance VALUES("12", "235", "1", "2020-09-13");
INSERT INTO attendance VALUES("13", "59", "1", "2020-09-13");
INSERT INTO attendance VALUES("14", "238", "1", "2020-09-13");
INSERT INTO attendance VALUES("15", "16", "1", "2020-09-13");
INSERT INTO attendance VALUES("16", "63", "1", "2020-09-13");
INSERT INTO attendance VALUES("17", "328", "1", "2020-09-13");
INSERT INTO attendance VALUES("18", "240", "1", "2020-09-13");
INSERT INTO attendance VALUES("19", "62", "1", "2020-09-13");
INSERT INTO attendance VALUES("20", "58", "1", "2020-09-13");
INSERT INTO attendance VALUES("21", "26", "1", "2020-09-13");
INSERT INTO attendance VALUES("22", "88", "1", "2020-09-13");
INSERT INTO attendance VALUES("23", "296", "1", "2020-09-13");
INSERT INTO attendance VALUES("24", "10", "1", "2020-09-13");
INSERT INTO attendance VALUES("25", "918", "1", "2020-09-13");
INSERT INTO attendance VALUES("26", "280", "1", "2020-09-13");
INSERT INTO attendance VALUES("27", "85", "1", "2020-09-13");
INSERT INTO attendance VALUES("28", "20", "1", "2020-09-13");
INSERT INTO attendance VALUES("29", "48", "1", "2020-09-13");
INSERT INTO attendance VALUES("30", "101", "1", "2020-09-13");
INSERT INTO attendance VALUES("31", "61", "1", "2020-09-13");
INSERT INTO attendance VALUES("32", "931", "1", "2020-09-13");
INSERT INTO attendance VALUES("33", "314", "1", "2020-09-13");
INSERT INTO attendance VALUES("34", "34", "1", "2020-09-13");
INSERT INTO attendance VALUES("35", "96", "1", "2020-09-13");
INSERT INTO attendance VALUES("36", "90", "1", "2020-09-13");
INSERT INTO attendance VALUES("37", "183", "1", "2020-09-13");
INSERT INTO attendance VALUES("38", "136", "1", "2020-09-13");
INSERT INTO attendance VALUES("39", "232", "1", "2020-09-13");
INSERT INTO attendance VALUES("40", "27", "1", "2020-09-13");
INSERT INTO attendance VALUES("41", "91", "1", "2020-09-13");
INSERT INTO attendance VALUES("42", "168", "1", "2020-09-13");
INSERT INTO attendance VALUES("43", "888", "1", "2020-09-13");
INSERT INTO attendance VALUES("44", "31", "1", "2020-09-13");
INSERT INTO attendance VALUES("45", "948", "1", "2020-09-13");
INSERT INTO attendance VALUES("46", "373", "1", "2020-09-13");
INSERT INTO attendance VALUES("47", "365", "1", "2020-09-13");
INSERT INTO attendance VALUES("48", "896", "1", "2020-09-13");
INSERT INTO attendance VALUES("49", "323", "1", "2020-09-13");
INSERT INTO attendance VALUES("50", "43", "1", "2020-09-13");
INSERT INTO attendance VALUES("51", "192", "1", "2020-09-13");
INSERT INTO attendance VALUES("52", "15", "1", "2020-09-13");
INSERT INTO attendance VALUES("53", "920", "1", "2020-09-13");
INSERT INTO attendance VALUES("54", "114", "1", "2020-09-13");
INSERT INTO attendance VALUES("55", "872", "1", "2020-09-13");
INSERT INTO attendance VALUES("56", "952", "1", "2020-09-13");
INSERT INTO attendance VALUES("57", "338", "1", "2020-09-13");
INSERT INTO attendance VALUES("58", "312", "1", "2020-09-13");
INSERT INTO attendance VALUES("59", "881", "1", "2020-09-13");
INSERT INTO attendance VALUES("60", "216", "1", "2020-09-13");
INSERT INTO attendance VALUES("61", "11", "1", "2020-09-13");
INSERT INTO attendance VALUES("62", "333", "1", "2020-09-13");
INSERT INTO attendance VALUES("63", "883", "1", "2020-09-13");
INSERT INTO attendance VALUES("64", "371", "1", "2020-09-13");
INSERT INTO attendance VALUES("65", "300", "1", "2020-09-13");
INSERT INTO attendance VALUES("66", "277", "1", "2020-09-13");
INSERT INTO attendance VALUES("67", "916", "1", "2020-09-13");
INSERT INTO attendance VALUES("68", "248", "1", "2020-09-13");
INSERT INTO attendance VALUES("69", "278", "1", "2020-09-13");
INSERT INTO attendance VALUES("70", "282", "1", "2020-09-13");
INSERT INTO attendance VALUES("71", "35", "1", "2020-09-13");
INSERT INTO attendance VALUES("72", "905", "1", "2020-09-13");
INSERT INTO attendance VALUES("73", "227", "1", "2020-09-13");
INSERT INTO attendance VALUES("74", "233", "1", "2020-09-13");
INSERT INTO attendance VALUES("75", "949", "1", "2020-09-13");
INSERT INTO attendance VALUES("76", "215", "1", "2020-09-13");
INSERT INTO attendance VALUES("77", "910", "1", "2020-09-13");
INSERT INTO attendance VALUES("78", "954", "1", "2020-09-13");
INSERT INTO attendance VALUES("79", "870", "1", "2020-09-13");
INSERT INTO attendance VALUES("80", "202", "1", "2020-09-13");
INSERT INTO attendance VALUES("81", "38", "1", "2020-09-13");
INSERT INTO attendance VALUES("82", "250", "1", "2020-09-13");
INSERT INTO attendance VALUES("83", "209", "1", "2020-09-13");
INSERT INTO attendance VALUES("84", "266", "1", "2020-09-13");
INSERT INTO attendance VALUES("85", "868", "1", "2020-09-13");
INSERT INTO attendance VALUES("86", "913", "1", "2020-09-13");
INSERT INTO attendance VALUES("87", "922", "1", "2020-09-13");
INSERT INTO attendance VALUES("88", "128", "1", "2020-09-13");
INSERT INTO attendance VALUES("89", "899", "1", "2020-09-13");
INSERT INTO attendance VALUES("90", "330", "1", "2020-09-13");
INSERT INTO attendance VALUES("91", "241", "1", "2020-09-13");
INSERT INTO attendance VALUES("92", "938", "1", "2020-09-13");
INSERT INTO attendance VALUES("93", "210", "1", "2020-09-13");
INSERT INTO attendance VALUES("94", "907", "1", "2020-09-13");
INSERT INTO attendance VALUES("95", "249", "1", "2020-09-13");
INSERT INTO attendance VALUES("96", "882", "1", "2020-09-13");
INSERT INTO attendance VALUES("97", "226", "1", "2020-09-13");
INSERT INTO attendance VALUES("98", "103", "1", "2020-09-13");
INSERT INTO attendance VALUES("99", "320", "1", "2020-09-13");
INSERT INTO attendance VALUES("100", "173", "1", "2020-09-13");
INSERT INTO attendance VALUES("101", "117", "1", "2020-09-13");
INSERT INTO attendance VALUES("102", "258", "1", "2020-09-13");
INSERT INTO attendance VALUES("103", "6", "1", "2020-09-13");
INSERT INTO attendance VALUES("104", "218", "1", "2020-09-13");
INSERT INTO attendance VALUES("105", "380", "1", "2020-09-13");
INSERT INTO attendance VALUES("106", "925", "1", "2020-09-13");
INSERT INTO attendance VALUES("107", "890", "1", "2020-09-13");
INSERT INTO attendance VALUES("108", "290", "1", "2020-09-13");
INSERT INTO attendance VALUES("109", "253", "1", "2020-09-13");
INSERT INTO attendance VALUES("110", "200", "1", "2020-09-13");
INSERT INTO attendance VALUES("111", "880", "1", "2020-09-13");
INSERT INTO attendance VALUES("112", "132", "1", "2020-09-13");
INSERT INTO attendance VALUES("113", "146", "1", "2020-09-13");
INSERT INTO attendance VALUES("114", "921", "1", "2020-09-13");
INSERT INTO attendance VALUES("115", "928", "1", "2020-09-13");
INSERT INTO attendance VALUES("116", "198", "1", "2020-09-13");
INSERT INTO attendance VALUES("117", "274", "1", "2020-09-13");
INSERT INTO attendance VALUES("118", "303", "1", "2020-09-13");
INSERT INTO attendance VALUES("119", "298", "1", "2020-09-13");
INSERT INTO attendance VALUES("120", "376", "1", "2020-09-13");
INSERT INTO attendance VALUES("121", "92", "1", "2020-09-13");
INSERT INTO attendance VALUES("122", "237", "1", "2020-09-13");
INSERT INTO attendance VALUES("123", "72", "1", "2020-09-13");
INSERT INTO attendance VALUES("124", "871", "1", "2020-09-13");
INSERT INTO attendance VALUES("125", "19", "1", "2020-09-13");
INSERT INTO attendance VALUES("126", "243", "1", "2020-09-13");
INSERT INTO attendance VALUES("127", "68", "1", "2020-09-13");
INSERT INTO attendance VALUES("128", "946", "1", "2020-09-13");
INSERT INTO attendance VALUES("129", "950", "1", "2020-09-13");
INSERT INTO attendance VALUES("130", "205", "1", "2020-09-13");
INSERT INTO attendance VALUES("131", "50", "1", "2020-09-13");
INSERT INTO attendance VALUES("132", "349", "1", "2020-09-13");
INSERT INTO attendance VALUES("133", "199", "1", "2020-09-13");
INSERT INTO attendance VALUES("134", "370", "1", "2020-09-13");
INSERT INTO attendance VALUES("135", "239", "1", "2020-09-13");
INSERT INTO attendance VALUES("136", "917", "1", "2020-09-13");
INSERT INTO attendance VALUES("137", "8", "1", "2020-09-13");
INSERT INTO attendance VALUES("138", "379", "1", "2020-09-13");
INSERT INTO attendance VALUES("139", "283", "1", "2020-09-13");
INSERT INTO attendance VALUES("140", "64", "1", "2020-09-13");
INSERT INTO attendance VALUES("141", "245", "1", "2020-09-13");
INSERT INTO attendance VALUES("142", "154", "1", "2020-09-13");
INSERT INTO attendance VALUES("143", "259", "1", "2020-09-13");
INSERT INTO attendance VALUES("144", "334", "1", "2020-09-13");
INSERT INTO attendance VALUES("145", "66", "1", "2020-09-13");
INSERT INTO attendance VALUES("146", "79", "1", "2020-09-13");
INSERT INTO attendance VALUES("147", "112", "1", "2020-09-13");
INSERT INTO attendance VALUES("148", "77", "1", "2020-09-13");
INSERT INTO attendance VALUES("149", "184", "1", "2020-09-13");
INSERT INTO attendance VALUES("150", "874", "1", "2020-09-13");
INSERT INTO attendance VALUES("151", "911", "1", "2020-09-13");
INSERT INTO attendance VALUES("152", "891", "1", "2020-09-13");
INSERT INTO attendance VALUES("153", "122", "1", "2020-09-13");
INSERT INTO attendance VALUES("154", "170", "1", "2020-09-13");
INSERT INTO attendance VALUES("155", "257", "1", "2020-09-13");
INSERT INTO attendance VALUES("156", "898", "1", "2020-09-13");
INSERT INTO attendance VALUES("157", "251", "1", "2020-09-13");
INSERT INTO attendance VALUES("158", "315", "1", "2020-09-13");
INSERT INTO attendance VALUES("159", "186", "1", "2020-09-13");
INSERT INTO attendance VALUES("160", "36", "1", "2020-09-13");
INSERT INTO attendance VALUES("161", "929", "1", "2020-09-13");
INSERT INTO attendance VALUES("162", "930", "1", "2020-09-13");
INSERT INTO attendance VALUES("163", "256", "1", "2020-09-13");
INSERT INTO attendance VALUES("164", "291", "1", "2020-09-13");
INSERT INTO attendance VALUES("165", "84", "1", "2020-09-13");
INSERT INTO attendance VALUES("166", "21", "1", "2020-09-13");
INSERT INTO attendance VALUES("167", "219", "1", "2020-09-13");
INSERT INTO attendance VALUES("168", "299", "1", "2020-09-13");
INSERT INTO attendance VALUES("169", "80", "1", "2020-09-13");
INSERT INTO attendance VALUES("170", "269", "1", "2020-09-13");
INSERT INTO attendance VALUES("171", "25", "1", "2020-09-13");
INSERT INTO attendance VALUES("172", "22", "1", "2020-09-13");
INSERT INTO attendance VALUES("173", "378", "1", "2020-09-13");
INSERT INTO attendance VALUES("174", "383", "1", "2020-09-13");
INSERT INTO attendance VALUES("175", "368", "1", "2020-09-13");
INSERT INTO attendance VALUES("176", "94", "1", "2020-09-13");
INSERT INTO attendance VALUES("177", "915", "1", "2020-09-13");
INSERT INTO attendance VALUES("178", "141", "1", "2020-09-13");
INSERT INTO attendance VALUES("179", "294", "1", "2020-09-13");
INSERT INTO attendance VALUES("180", "37", "1", "2020-09-13");
INSERT INTO attendance VALUES("181", "134", "1", "2020-09-13");
INSERT INTO attendance VALUES("182", "142", "1", "2020-09-13");
INSERT INTO attendance VALUES("183", "292", "1", "2020-09-13");
INSERT INTO attendance VALUES("184", "125", "1", "2020-09-13");
INSERT INTO attendance VALUES("185", "901", "1", "2020-09-13");
INSERT INTO attendance VALUES("186", "229", "1", "2020-09-13");
INSERT INTO attendance VALUES("187", "897", "1", "2020-09-13");
INSERT INTO attendance VALUES("188", "203", "1", "2020-09-13");
INSERT INTO attendance VALUES("189", "311", "1", "2020-09-13");
INSERT INTO attendance VALUES("190", "113", "1", "2020-09-13");
INSERT INTO attendance VALUES("191", "130", "1", "2020-09-13");
INSERT INTO attendance VALUES("192", "75", "1", "2020-09-13");
INSERT INTO attendance VALUES("193", "924", "1", "2020-09-13");
INSERT INTO attendance VALUES("194", "18", "1", "2020-09-13");
INSERT INTO attendance VALUES("195", "875", "1", "2020-09-13");
INSERT INTO attendance VALUES("196", "225", "1", "2020-09-13");
INSERT INTO attendance VALUES("197", "367", "1", "2020-09-13");
INSERT INTO attendance VALUES("198", "49", "1", "2020-09-13");
INSERT INTO attendance VALUES("199", "123", "1", "2020-09-13");
INSERT INTO attendance VALUES("200", "945", "1", "2020-09-13");
INSERT INTO attendance VALUES("201", "1", "1", "2020-09-13");
INSERT INTO attendance VALUES("202", "95", "1", "2020-09-13");
INSERT INTO attendance VALUES("203", "273", "1", "2020-09-13");
INSERT INTO attendance VALUES("204", "213", "1", "2020-09-13");
INSERT INTO attendance VALUES("205", "255", "1", "2020-09-13");
INSERT INTO attendance VALUES("206", "941", "1", "2020-09-13");
INSERT INTO attendance VALUES("207", "116", "1", "2020-09-13");
INSERT INTO attendance VALUES("208", "885", "1", "2020-09-13");
INSERT INTO attendance VALUES("209", "118", "1", "2020-09-13");
INSERT INTO attendance VALUES("210", "362", "1", "2020-09-13");
INSERT INTO attendance VALUES("211", "895", "1", "2020-09-13");
INSERT INTO attendance VALUES("212", "162", "1", "2020-09-13");
INSERT INTO attendance VALUES("213", "306", "1", "2020-09-13");
INSERT INTO attendance VALUES("214", "214", "1", "2020-09-13");
INSERT INTO attendance VALUES("215", "24", "1", "2020-09-13");
INSERT INTO attendance VALUES("216", "42", "1", "2020-09-13");
INSERT INTO attendance VALUES("217", "208", "1", "2020-09-13");
INSERT INTO attendance VALUES("218", "12", "1", "2020-09-13");
INSERT INTO attendance VALUES("219", "318", "1", "2020-09-13");
INSERT INTO attendance VALUES("220", "307", "1", "2020-09-13");
INSERT INTO attendance VALUES("221", "308", "1", "2020-09-13");
INSERT INTO attendance VALUES("222", "223", "1", "2020-09-13");
INSERT INTO attendance VALUES("223", "271", "1", "2020-09-13");
INSERT INTO attendance VALUES("224", "319", "1", "2020-09-13");
INSERT INTO attendance VALUES("225", "115", "1", "2020-09-13");
INSERT INTO attendance VALUES("226", "194", "1", "2020-09-13");
INSERT INTO attendance VALUES("227", "41", "1", "2020-09-13");
INSERT INTO attendance VALUES("228", "69", "1", "2020-09-13");
INSERT INTO attendance VALUES("229", "29", "1", "2020-09-13");
INSERT INTO attendance VALUES("230", "87", "1", "2020-09-13");
INSERT INTO attendance VALUES("231", "138", "1", "2020-09-13");
INSERT INTO attendance VALUES("232", "288", "1", "2020-09-13");
INSERT INTO attendance VALUES("233", "199", "1", "2020-09-19");
INSERT INTO attendance VALUES("234", "1", "1", "2020-09-26");
INSERT INTO attendance VALUES("235", "10", "1", "2020-09-26");
INSERT INTO attendance VALUES("236", "1", "1", "2020-09-28");



TRUNCATE TABLE ibarura_imirenge;

CREATE TABLE `ibarura_imirenge` (
  `sector_id` int(11) NOT NULL,
  `sector_district` int(11) NOT NULL,
  `sector_name` varchar(30) NOT NULL,
  PRIMARY KEY (`sector_id`),
  KEY `sector_district` (`sector_district`)
) ENGINE=MyISAM DEFAULT CHARSET=latin1

INSERT INTO ibarura_imirenge VALUES("1", "1", "Gashora");
INSERT INTO ibarura_imirenge VALUES("2", "1", "Juru");
INSERT INTO ibarura_imirenge VALUES("3", "1", "Kamabuye");
INSERT INTO ibarura_imirenge VALUES("4", "1", "Ntarama");
INSERT INTO ibarura_imirenge VALUES("5", "1", "Mareba");
INSERT INTO ibarura_imirenge VALUES("6", "1", "Mayange");
INSERT INTO ibarura_imirenge VALUES("7", "1", "Musenyi");
INSERT INTO ibarura_imirenge VALUES("8", "1", "Mwogo");
INSERT INTO ibarura_imirenge VALUES("9", "1", "Ngeruka");
INSERT INTO ibarura_imirenge VALUES("10", "1", "Nyamata");
INSERT INTO ibarura_imirenge VALUES("11", "1", "Nyarugenge");
INSERT INTO ibarura_imirenge VALUES("12", "1", "Rilima");
INSERT INTO ibarura_imirenge VALUES("13", "1", "Ruhuha");
INSERT INTO ibarura_imirenge VALUES("14", "1", "Rweru");
INSERT INTO ibarura_imirenge VALUES("15", "1", "Shyara");
INSERT INTO ibarura_imirenge VALUES("16", "2", "Gasange");
INSERT INTO ibarura_imirenge VALUES("17", "2", "Gatsibo");
INSERT INTO ibarura_imirenge VALUES("18", "2", "Gitoki");
INSERT INTO ibarura_imirenge VALUES("19", "2", "Kabarore");
INSERT INTO ibarura_imirenge VALUES("20", "2", "Kageyo");
INSERT INTO ibarura_imirenge VALUES("21", "2", "Kiramuruzi");
INSERT INTO ibarura_imirenge VALUES("22", "2", "Kiziguro");
INSERT INTO ibarura_imirenge VALUES("23", "2", "Muhura");
INSERT INTO ibarura_imirenge VALUES("24", "2", "Murambi");
INSERT INTO ibarura_imirenge VALUES("25", "2", "Ngarama");
INSERT INTO ibarura_imirenge VALUES("26", "2", "Nyagihanga");
INSERT INTO ibarura_imirenge VALUES("27", "2", "Remera");
INSERT INTO ibarura_imirenge VALUES("28", "2", "Rugarama");
INSERT INTO ibarura_imirenge VALUES("29", "2", "Rwimbogo");
INSERT INTO ibarura_imirenge VALUES("30", "3", "Gahini");
INSERT INTO ibarura_imirenge VALUES("31", "3", "Kabare");
INSERT INTO ibarura_imirenge VALUES("32", "3", "Kabarondo");
INSERT INTO ibarura_imirenge VALUES("33", "3", "Mukarange");
INSERT INTO ibarura_imirenge VALUES("34", "3", "Murama");
INSERT INTO ibarura_imirenge VALUES("35", "3", "Murundi");
INSERT INTO ibarura_imirenge VALUES("36", "3", "Mwiri");
INSERT INTO ibarura_imirenge VALUES("37", "3", "Ndego");
INSERT INTO ibarura_imirenge VALUES("38", "3", "Nyamirama");
INSERT INTO ibarura_imirenge VALUES("39", "3", "Rukara");
INSERT INTO ibarura_imirenge VALUES("40", "3", "Ruramira");
INSERT INTO ibarura_imirenge VALUES("41", "3", "Rwinkwavu");
INSERT INTO ibarura_imirenge VALUES("42", "4", "Gahara");
INSERT INTO ibarura_imirenge VALUES("43", "4", "Gatore");
INSERT INTO ibarura_imirenge VALUES("44", "4", "Kigina");
INSERT INTO ibarura_imirenge VALUES("45", "4", "Kirehe");
INSERT INTO ibarura_imirenge VALUES("46", "4", "Mahama");
INSERT INTO ibarura_imirenge VALUES("47", "4", "Mpanga");
INSERT INTO ibarura_imirenge VALUES("48", "4", "Musaza");
INSERT INTO ibarura_imirenge VALUES("49", "4", "Mushikiri");
INSERT INTO ibarura_imirenge VALUES("50", "4", "Nasho");
INSERT INTO ibarura_imirenge VALUES("51", "4", "Nyamugari");
INSERT INTO ibarura_imirenge VALUES("52", "4", "Nyarubuye");
INSERT INTO ibarura_imirenge VALUES("53", "4", "Kigarama");
INSERT INTO ibarura_imirenge VALUES("54", "5", "Gashanda");
INSERT INTO ibarura_imirenge VALUES("55", "5", "Jarama");
INSERT INTO ibarura_imirenge VALUES("56", "5", "Karembo");
INSERT INTO ibarura_imirenge VALUES("57", "5", "Kazo");
INSERT INTO ibarura_imirenge VALUES("58", "5", "Kibungo");
INSERT INTO ibarura_imirenge VALUES("59", "5", "Mugesera");
INSERT INTO ibarura_imirenge VALUES("60", "5", "Murama");
INSERT INTO ibarura_imirenge VALUES("61", "5", "Mutenderi");
INSERT INTO ibarura_imirenge VALUES("62", "5", "Remera");
INSERT INTO ibarura_imirenge VALUES("63", "5", "Rukira");
INSERT INTO ibarura_imirenge VALUES("64", "5", "Rukumberi");
INSERT INTO ibarura_imirenge VALUES("65", "5", "Rurenge");
INSERT INTO ibarura_imirenge VALUES("66", "5", "Sake");
INSERT INTO ibarura_imirenge VALUES("67", "5", "Zaza");
INSERT INTO ibarura_imirenge VALUES("68", "6", "Gatunda");
INSERT INTO ibarura_imirenge VALUES("69", "6", "Kiyombe");
INSERT INTO ibarura_imirenge VALUES("70", "6", "Karama");
INSERT INTO ibarura_imirenge VALUES("71", "6", "Karangazi");
INSERT INTO ibarura_imirenge VALUES("72", "6", "Katabagemu");
INSERT INTO ibarura_imirenge VALUES("73", "6", "Matimba");
INSERT INTO ibarura_imirenge VALUES("74", "6", "Mimuli");
INSERT INTO ibarura_imirenge VALUES("75", "6", "Mukama");
INSERT INTO ibarura_imirenge VALUES("76", "6", "Musheli");
INSERT INTO ibarura_imirenge VALUES("77", "6", "Nyagatare");
INSERT INTO ibarura_imirenge VALUES("78", "6", "Rukomo");
INSERT INTO ibarura_imirenge VALUES("79", "6", "Rwempasha");
INSERT INTO ibarura_imirenge VALUES("80", "6", "Rwimiyaga");
INSERT INTO ibarura_imirenge VALUES("81", "6", "Tabagwe");
INSERT INTO ibarura_imirenge VALUES("82", "7", "Fumbwe");
INSERT INTO ibarura_imirenge VALUES("83", "7", "Gahengeri");
INSERT INTO ibarura_imirenge VALUES("84", "7", "Gishari");
INSERT INTO ibarura_imirenge VALUES("85", "7", "Karenge");
INSERT INTO ibarura_imirenge VALUES("86", "7", "Kigabiro");
INSERT INTO ibarura_imirenge VALUES("87", "7", "Muhazi");
INSERT INTO ibarura_imirenge VALUES("88", "7", "Munyaga");
INSERT INTO ibarura_imirenge VALUES("89", "7", "Munyiginya");
INSERT INTO ibarura_imirenge VALUES("90", "7", "Musha");
INSERT INTO ibarura_imirenge VALUES("91", "7", "Muyumbu");
INSERT INTO ibarura_imirenge VALUES("92", "7", "Mwulire");
INSERT INTO ibarura_imirenge VALUES("93", "7", "Nyakariro");
INSERT INTO ibarura_imirenge VALUES("94", "7", "Nzige");
INSERT INTO ibarura_imirenge VALUES("95", "7", "Rubona");
INSERT INTO ibarura_imirenge VALUES("96", "8", "Bumbogo");
INSERT INTO ibarura_imirenge VALUES("97", "8", "Gatsata");
INSERT INTO ibarura_imirenge VALUES("98", "8", "Jali");
INSERT INTO ibarura_imirenge VALUES("99", "8", "Gikomero");
INSERT INTO ibarura_imirenge VALUES("100", "8", "Gisozi");
INSERT INTO ibarura_imirenge VALUES("101", "8", "Jabana");
INSERT INTO ibarura_imirenge VALUES("102", "8", "Kinyinya");
INSERT INTO ibarura_imirenge VALUES("103", "8", "Ndera");
INSERT INTO ibarura_imirenge VALUES("104", "8", "Nduba");
INSERT INTO ibarura_imirenge VALUES("105", "8", "Rusororo");
INSERT INTO ibarura_imirenge VALUES("106", "8", "Rutunga");
INSERT INTO ibarura_imirenge VALUES("107", "8", "Kacyiru");
INSERT INTO ibarura_imirenge VALUES("108", "8", "Kimihurura");
INSERT INTO ibarura_imirenge VALUES("109", "8", "Kimironko");
INSERT INTO ibarura_imirenge VALUES("110", "8", "Remera");
INSERT INTO ibarura_imirenge VALUES("111", "9", "Gahanga");
INSERT INTO ibarura_imirenge VALUES("112", "9", "Gatenga");
INSERT INTO ibarura_imirenge VALUES("113", "9", "Gikondo");
INSERT INTO ibarura_imirenge VALUES("114", "9", "Kagarama");
INSERT INTO ibarura_imirenge VALUES("115", "9", "Kanombe");
INSERT INTO ibarura_imirenge VALUES("116", "9", "Kicukiro");
INSERT INTO ibarura_imirenge VALUES("117", "9", "Kigarama");
INSERT INTO ibarura_imirenge VALUES("118", "9", "Masaka");
INSERT INTO ibarura_imirenge VALUES("119", "9", "Niboye");
INSERT INTO ibarura_imirenge VALUES("120", "9", "Nyarugunga");
INSERT INTO ibarura_imirenge VALUES("121", "10", "Gitega");
INSERT INTO ibarura_imirenge VALUES("122", "10", "Kanyinya");
INSERT INTO ibarura_imirenge VALUES("123", "10", "Kigali");
INSERT INTO ibarura_imirenge VALUES("124", "10", "Kimisagara");
INSERT INTO ibarura_imirenge VALUES("125", "10", "Mageragere");
INSERT INTO ibarura_imirenge VALUES("126", "10", "Muhima");
INSERT INTO ibarura_imirenge VALUES("127", "10", "Nyakabanda");
INSERT INTO ibarura_imirenge VALUES("128", "10", "Nyamirambo");
INSERT INTO ibarura_imirenge VALUES("129", "10", "Rwezamenyo");
INSERT INTO ibarura_imirenge VALUES("130", "10", "Nyarugenge");
INSERT INTO ibarura_imirenge VALUES("131", "11", "Bungwe");
INSERT INTO ibarura_imirenge VALUES("132", "11", "Butaro");
INSERT INTO ibarura_imirenge VALUES("133", "11", "Cyanika");
INSERT INTO ibarura_imirenge VALUES("134", "11", "Cyeru");
INSERT INTO ibarura_imirenge VALUES("135", "11", "Gahunga");
INSERT INTO ibarura_imirenge VALUES("136", "11", "Gatebe");
INSERT INTO ibarura_imirenge VALUES("137", "11", "Gitovu");
INSERT INTO ibarura_imirenge VALUES("138", "11", "Kagogo");
INSERT INTO ibarura_imirenge VALUES("139", "11", "Kinoni");
INSERT INTO ibarura_imirenge VALUES("140", "11", "Kinyababa");
INSERT INTO ibarura_imirenge VALUES("141", "11", "Kivuye");
INSERT INTO ibarura_imirenge VALUES("142", "11", "Nemba");
INSERT INTO ibarura_imirenge VALUES("143", "11", "Rugarama");
INSERT INTO ibarura_imirenge VALUES("144", "11", "Rugendabari");
INSERT INTO ibarura_imirenge VALUES("145", "11", "Ruhunde");
INSERT INTO ibarura_imirenge VALUES("146", "11", "Rusarabuge");
INSERT INTO ibarura_imirenge VALUES("147", "11", "Rwerere");
INSERT INTO ibarura_imirenge VALUES("148", "12", "Busengo");
INSERT INTO ibarura_imirenge VALUES("149", "12", "Coko");
INSERT INTO ibarura_imirenge VALUES("150", "12", "Cyabingo");
INSERT INTO ibarura_imirenge VALUES("151", "12", "Gakenke");
INSERT INTO ibarura_imirenge VALUES("152", "12", "Gashenyi");
INSERT INTO ibarura_imirenge VALUES("153", "12", "Mugunga");
INSERT INTO ibarura_imirenge VALUES("154", "12", "Janja");
INSERT INTO ibarura_imirenge VALUES("155", "12", "Kamubuga");
INSERT INTO ibarura_imirenge VALUES("156", "12", "Karambo");
INSERT INTO ibarura_imirenge VALUES("157", "12", "Kivuruga");
INSERT INTO ibarura_imirenge VALUES("158", "12", "Mataba");
INSERT INTO ibarura_imirenge VALUES("159", "12", "Minazi");
INSERT INTO ibarura_imirenge VALUES("160", "12", "Muhondo");
INSERT INTO ibarura_imirenge VALUES("161", "12", "Muyongwe");
INSERT INTO ibarura_imirenge VALUES("162", "12", "Muzo");
INSERT INTO ibarura_imirenge VALUES("163", "12", "Nemba");
INSERT INTO ibarura_imirenge VALUES("164", "12", "Ruli");
INSERT INTO ibarura_imirenge VALUES("165", "12", "Rusasa");
INSERT INTO ibarura_imirenge VALUES("166", "12", "Rushashi");
INSERT INTO ibarura_imirenge VALUES("167", "13", "Bukure");
INSERT INTO ibarura_imirenge VALUES("168", "13", "Bwisige");
INSERT INTO ibarura_imirenge VALUES("169", "13", "Byumba");
INSERT INTO ibarura_imirenge VALUES("170", "13", "Cyumba");
INSERT INTO ibarura_imirenge VALUES("171", "13", "Giti");
INSERT INTO ibarura_imirenge VALUES("172", "13", "Kaniga");
INSERT INTO ibarura_imirenge VALUES("173", "13", "Manyagiro");
INSERT INTO ibarura_imirenge VALUES("174", "13", "Miyove");
INSERT INTO ibarura_imirenge VALUES("175", "13", "Kageyo");
INSERT INTO ibarura_imirenge VALUES("176", "13", "Mukarange");
INSERT INTO ibarura_imirenge VALUES("177", "13", "Muko");
INSERT INTO ibarura_imirenge VALUES("178", "13", "Mutete");
INSERT INTO ibarura_imirenge VALUES("179", "13", "Nyamiyaga");
INSERT INTO ibarura_imirenge VALUES("180", "13", "Nyankenke");
INSERT INTO ibarura_imirenge VALUES("181", "13", "Rubaya");
INSERT INTO ibarura_imirenge VALUES("182", "13", "Rukomo");
INSERT INTO ibarura_imirenge VALUES("183", "13", "Rushaki");
INSERT INTO ibarura_imirenge VALUES("184", "13", "Rutare");
INSERT INTO ibarura_imirenge VALUES("185", "13", "Ruvune");
INSERT INTO ibarura_imirenge VALUES("186", "13", "Rwamiko");
INSERT INTO ibarura_imirenge VALUES("187", "13", "Shangasha");
INSERT INTO ibarura_imirenge VALUES("188", "14", "Busogo");
INSERT INTO ibarura_imirenge VALUES("189", "14", "Cyuve");
INSERT INTO ibarura_imirenge VALUES("190", "14", "Gacaca");
INSERT INTO ibarura_imirenge VALUES("191", "14", "Gashaki");
INSERT INTO ibarura_imirenge VALUES("192", "14", "Gataraga");
INSERT INTO ibarura_imirenge VALUES("193", "14", "Kimonyi");
INSERT INTO ibarura_imirenge VALUES("194", "14", "Kinigi");
INSERT INTO ibarura_imirenge VALUES("195", "14", "Muhoza");
INSERT INTO ibarura_imirenge VALUES("196", "14", "Muko");
INSERT INTO ibarura_imirenge VALUES("197", "14", "Musanze");
INSERT INTO ibarura_imirenge VALUES("198", "14", "Nkotsi");
INSERT INTO ibarura_imirenge VALUES("199", "14", "Nyange");
INSERT INTO ibarura_imirenge VALUES("200", "14", "Remera");
INSERT INTO ibarura_imirenge VALUES("201", "14", "Rwaza");
INSERT INTO ibarura_imirenge VALUES("202", "14", "Shingiro");
INSERT INTO ibarura_imirenge VALUES("203", "15", "Base");
INSERT INTO ibarura_imirenge VALUES("204", "15", "Burega");
INSERT INTO ibarura_imirenge VALUES("205", "15", "Bushoki");
INSERT INTO ibarura_imirenge VALUES("206", "15", "Buyoga");
INSERT INTO ibarura_imirenge VALUES("207", "15", "Cyinzuzi");
INSERT INTO ibarura_imirenge VALUES("208", "15", "Cyungo");
INSERT INTO ibarura_imirenge VALUES("209", "15", "Kinihira");
INSERT INTO ibarura_imirenge VALUES("210", "15", "Kisaro");
INSERT INTO ibarura_imirenge VALUES("211", "15", "Masoro");
INSERT INTO ibarura_imirenge VALUES("212", "15", "Mbogo");
INSERT INTO ibarura_imirenge VALUES("213", "15", "Murambi");
INSERT INTO ibarura_imirenge VALUES("214", "15", "Ngoma");
INSERT INTO ibarura_imirenge VALUES("215", "15", "Ntarabana");
INSERT INTO ibarura_imirenge VALUES("216", "15", "Rukozo");
INSERT INTO ibarura_imirenge VALUES("217", "15", "Rusiga");
INSERT INTO ibarura_imirenge VALUES("218", "15", "Shyorongi");
INSERT INTO ibarura_imirenge VALUES("219", "15", "Tumba");
INSERT INTO ibarura_imirenge VALUES("220", "16", "Gikonko");
INSERT INTO ibarura_imirenge VALUES("221", "16", "Gishubi");
INSERT INTO ibarura_imirenge VALUES("222", "16", "Kansi");
INSERT INTO ibarura_imirenge VALUES("223", "16", "Kibilizi");
INSERT INTO ibarura_imirenge VALUES("224", "16", "Kigembe");
INSERT INTO ibarura_imirenge VALUES("225", "16", "Mamba");
INSERT INTO ibarura_imirenge VALUES("226", "16", "Muganza");
INSERT INTO ibarura_imirenge VALUES("227", "16", "Mugombwa");
INSERT INTO ibarura_imirenge VALUES("228", "16", "Mukindo");
INSERT INTO ibarura_imirenge VALUES("229", "16", "Musha");
INSERT INTO ibarura_imirenge VALUES("230", "16", "Ndora");
INSERT INTO ibarura_imirenge VALUES("231", "16", "Nyanza");
INSERT INTO ibarura_imirenge VALUES("232", "16", "Save");
INSERT INTO ibarura_imirenge VALUES("233", "17", "Gishamvu");
INSERT INTO ibarura_imirenge VALUES("234", "17", "Karama");
INSERT INTO ibarura_imirenge VALUES("235", "17", "Kigoma");
INSERT INTO ibarura_imirenge VALUES("236", "17", "Kinazi");
INSERT INTO ibarura_imirenge VALUES("237", "17", "Maraba");
INSERT INTO ibarura_imirenge VALUES("238", "17", "Mbazi");
INSERT INTO ibarura_imirenge VALUES("239", "17", "Mukura");
INSERT INTO ibarura_imirenge VALUES("240", "17", "Ngoma");
INSERT INTO ibarura_imirenge VALUES("241", "17", "Ruhashya");
INSERT INTO ibarura_imirenge VALUES("242", "17", "Rusatira");
INSERT INTO ibarura_imirenge VALUES("243", "17", "Rwaniro");
INSERT INTO ibarura_imirenge VALUES("244", "17", "Simbi");
INSERT INTO ibarura_imirenge VALUES("245", "17", "Tumba");
INSERT INTO ibarura_imirenge VALUES("246", "17", "Huye");
INSERT INTO ibarura_imirenge VALUES("247", "18", "Gacurabwenge");
INSERT INTO ibarura_imirenge VALUES("248", "18", "Karama");
INSERT INTO ibarura_imirenge VALUES("249", "18", "Kayenzi");
INSERT INTO ibarura_imirenge VALUES("250", "18", "Kayumbu");
INSERT INTO ibarura_imirenge VALUES("251", "18", "Mugina");
INSERT INTO ibarura_imirenge VALUES("252", "18", "Musambira");
INSERT INTO ibarura_imirenge VALUES("253", "18", "Ngamba");
INSERT INTO ibarura_imirenge VALUES("254", "18", "Nyamiyaga");
INSERT INTO ibarura_imirenge VALUES("255", "18", "Nyarubaka");
INSERT INTO ibarura_imirenge VALUES("256", "18", "Rugalika");
INSERT INTO ibarura_imirenge VALUES("257", "18", "Rukoma");
INSERT INTO ibarura_imirenge VALUES("258", "18", "Runda");
INSERT INTO ibarura_imirenge VALUES("259", "19", "Cyeza");
INSERT INTO ibarura_imirenge VALUES("260", "19", "Kabacuzi");
INSERT INTO ibarura_imirenge VALUES("261", "19", "Kibangu");
INSERT INTO ibarura_imirenge VALUES("262", "19", "Kiyumba");
INSERT INTO ibarura_imirenge VALUES("263", "19", "Muhanga");
INSERT INTO ibarura_imirenge VALUES("264", "19", "Mushishiro");
INSERT INTO ibarura_imirenge VALUES("265", "19", "Nyabinoni");
INSERT INTO ibarura_imirenge VALUES("266", "19", "Nyamabuye");
INSERT INTO ibarura_imirenge VALUES("267", "19", "Nyarusange");
INSERT INTO ibarura_imirenge VALUES("268", "19", "Rongi");
INSERT INTO ibarura_imirenge VALUES("269", "19", "Rugendabari");
INSERT INTO ibarura_imirenge VALUES("270", "19", "Shyogwe");
INSERT INTO ibarura_imirenge VALUES("271", "20", "Buruhukiro");
INSERT INTO ibarura_imirenge VALUES("272", "20", "Cyanika");
INSERT INTO ibarura_imirenge VALUES("273", "20", "Gatare");
INSERT INTO ibarura_imirenge VALUES("274", "20", "Kaduha");
INSERT INTO ibarura_imirenge VALUES("275", "20", "Kamegeli");
INSERT INTO ibarura_imirenge VALUES("276", "20", "Kibirizi");
INSERT INTO ibarura_imirenge VALUES("277", "20", "Kibumbwe");
INSERT INTO ibarura_imirenge VALUES("278", "20", "Kitabi");
INSERT INTO ibarura_imirenge VALUES("279", "20", "Mbazi");
INSERT INTO ibarura_imirenge VALUES("280", "20", "Mugano");
INSERT INTO ibarura_imirenge VALUES("281", "20", "Musange");
INSERT INTO ibarura_imirenge VALUES("282", "20", "Musebeya");
INSERT INTO ibarura_imirenge VALUES("283", "20", "Mushubi");
INSERT INTO ibarura_imirenge VALUES("284", "20", "Nkomane");
INSERT INTO ibarura_imirenge VALUES("285", "20", "Gasaka");
INSERT INTO ibarura_imirenge VALUES("286", "20", "Tare");
INSERT INTO ibarura_imirenge VALUES("287", "20", "Uwinkingi");
INSERT INTO ibarura_imirenge VALUES("288", "21", "Busasamana");
INSERT INTO ibarura_imirenge VALUES("289", "21", "Busoro");
INSERT INTO ibarura_imirenge VALUES("290", "21", "Cyabakamyi");
INSERT INTO ibarura_imirenge VALUES("291", "21", "Kibirizi");
INSERT INTO ibarura_imirenge VALUES("292", "21", "Kigoma");
INSERT INTO ibarura_imirenge VALUES("293", "21", "Mukingo");
INSERT INTO ibarura_imirenge VALUES("294", "21", "Rwabicuma");
INSERT INTO ibarura_imirenge VALUES("295", "21", "Muyira");
INSERT INTO ibarura_imirenge VALUES("296", "21", "Ntyazo");
INSERT INTO ibarura_imirenge VALUES("297", "21", "Nyagisozi");
INSERT INTO ibarura_imirenge VALUES("298", "22", "Cyahinda");
INSERT INTO ibarura_imirenge VALUES("299", "22", "Busanze");
INSERT INTO ibarura_imirenge VALUES("300", "22", "Kibeho");
INSERT INTO ibarura_imirenge VALUES("301", "22", "Mata");
INSERT INTO ibarura_imirenge VALUES("302", "22", "Munini");
INSERT INTO ibarura_imirenge VALUES("303", "22", "Kivu");
INSERT INTO ibarura_imirenge VALUES("304", "22", "Ngera");
INSERT INTO ibarura_imirenge VALUES("305", "22", "Ngoma");
INSERT INTO ibarura_imirenge VALUES("306", "22", "Nyabimata");
INSERT INTO ibarura_imirenge VALUES("307", "22", "Nyagisozi");
INSERT INTO ibarura_imirenge VALUES("308", "22", "Ruheru");
INSERT INTO ibarura_imirenge VALUES("309", "22", "Muganza");
INSERT INTO ibarura_imirenge VALUES("310", "22", "Ruramba");
INSERT INTO ibarura_imirenge VALUES("311", "22", "Rusenge");
INSERT INTO ibarura_imirenge VALUES("312", "23", "Bweramana");
INSERT INTO ibarura_imirenge VALUES("313", "23", "Byimana");
INSERT INTO ibarura_imirenge VALUES("314", "23", "Kabagari");
INSERT INTO ibarura_imirenge VALUES("315", "23", "Kinazi");
INSERT INTO ibarura_imirenge VALUES("316", "23", "Kinihira");
INSERT INTO ibarura_imirenge VALUES("317", "23", "Mbuye");
INSERT INTO ibarura_imirenge VALUES("318", "23", "Mwendo");
INSERT INTO ibarura_imirenge VALUES("319", "23", "Ntongwe");
INSERT INTO ibarura_imirenge VALUES("320", "23", "Ruhango");
INSERT INTO ibarura_imirenge VALUES("321", "24", "Bwishyura");
INSERT INTO ibarura_imirenge VALUES("322", "24", "Gishari");
INSERT INTO ibarura_imirenge VALUES("323", "24", "Gishyita");
INSERT INTO ibarura_imirenge VALUES("324", "24", "Gisovu");
INSERT INTO ibarura_imirenge VALUES("325", "24", "Gitesi");
INSERT INTO ibarura_imirenge VALUES("326", "24", "Murundi");
INSERT INTO ibarura_imirenge VALUES("327", "24", "Murambi");
INSERT INTO ibarura_imirenge VALUES("328", "24", "Mubuga");
INSERT INTO ibarura_imirenge VALUES("329", "24", "Mutuntu");
INSERT INTO ibarura_imirenge VALUES("330", "24", "Rugabano");
INSERT INTO ibarura_imirenge VALUES("331", "24", "Ruganda");
INSERT INTO ibarura_imirenge VALUES("332", "24", "Rwankuba");
INSERT INTO ibarura_imirenge VALUES("333", "24", "Twumba");
INSERT INTO ibarura_imirenge VALUES("334", "25", "Bwira");
INSERT INTO ibarura_imirenge VALUES("335", "25", "Gatumba");
INSERT INTO ibarura_imirenge VALUES("336", "25", "Hindiro");
INSERT INTO ibarura_imirenge VALUES("337", "25", "Kabaya");
INSERT INTO ibarura_imirenge VALUES("338", "25", "Kageyo");
INSERT INTO ibarura_imirenge VALUES("339", "25", "Kavumu");
INSERT INTO ibarura_imirenge VALUES("340", "25", "Matyazo");
INSERT INTO ibarura_imirenge VALUES("341", "25", "Muhanda");
INSERT INTO ibarura_imirenge VALUES("342", "25", "Muhororo");
INSERT INTO ibarura_imirenge VALUES("343", "25", "Ndaro");
INSERT INTO ibarura_imirenge VALUES("344", "25", "Ngororero");
INSERT INTO ibarura_imirenge VALUES("345", "25", "Nyange");
INSERT INTO ibarura_imirenge VALUES("346", "25", "Sovu");
INSERT INTO ibarura_imirenge VALUES("347", "26", "Bigogwe");
INSERT INTO ibarura_imirenge VALUES("348", "26", "Jenda");
INSERT INTO ibarura_imirenge VALUES("349", "26", "Jomba");
INSERT INTO ibarura_imirenge VALUES("350", "26", "Kabatwa");
INSERT INTO ibarura_imirenge VALUES("351", "26", "Karago");
INSERT INTO ibarura_imirenge VALUES("352", "26", "Kintobo");
INSERT INTO ibarura_imirenge VALUES("353", "26", "Mukamira");
INSERT INTO ibarura_imirenge VALUES("354", "26", "Muringa");
INSERT INTO ibarura_imirenge VALUES("355", "26", "Rambura");
INSERT INTO ibarura_imirenge VALUES("356", "26", "Rugera");
INSERT INTO ibarura_imirenge VALUES("357", "26", "Rurembo");
INSERT INTO ibarura_imirenge VALUES("358", "26", "Shyira");
INSERT INTO ibarura_imirenge VALUES("359", "27", "Bushekeri");
INSERT INTO ibarura_imirenge VALUES("360", "27", "Bushenge");
INSERT INTO ibarura_imirenge VALUES("361", "27", "Cyato");
INSERT INTO ibarura_imirenge VALUES("362", "27", "Gihombo");
INSERT INTO ibarura_imirenge VALUES("363", "27", "Kagano");
INSERT INTO ibarura_imirenge VALUES("364", "27", "Kanjongo");
INSERT INTO ibarura_imirenge VALUES("365", "27", "Karambi");
INSERT INTO ibarura_imirenge VALUES("366", "27", "Karengera");
INSERT INTO ibarura_imirenge VALUES("367", "27", "Kirimbi");
INSERT INTO ibarura_imirenge VALUES("368", "27", "Macuba");
INSERT INTO ibarura_imirenge VALUES("369", "27", "Mahembe");
INSERT INTO ibarura_imirenge VALUES("370", "27", "Nyabitekeri");
INSERT INTO ibarura_imirenge VALUES("371", "27", "Rangiro");
INSERT INTO ibarura_imirenge VALUES("372", "27", "Ruharambuga");
INSERT INTO ibarura_imirenge VALUES("373", "27", "Shangi");
INSERT INTO ibarura_imirenge VALUES("374", "28", "Bugeshi");
INSERT INTO ibarura_imirenge VALUES("375", "28", "Busasamana");
INSERT INTO ibarura_imirenge VALUES("376", "28", "Cyanzarwe");
INSERT INTO ibarura_imirenge VALUES("377", "28", "Gisenyi");
INSERT INTO ibarura_imirenge VALUES("378", "28", "Kanama");
INSERT INTO ibarura_imirenge VALUES("379", "28", "Kanzenze");
INSERT INTO ibarura_imirenge VALUES("380", "28", "Mudende");
INSERT INTO ibarura_imirenge VALUES("381", "28", "Nyakiliba");
INSERT INTO ibarura_imirenge VALUES("382", "28", "Nyamyumba");
INSERT INTO ibarura_imirenge VALUES("383", "28", "Nyundo");
INSERT INTO ibarura_imirenge VALUES("384", "28", "Rubavu");
INSERT INTO ibarura_imirenge VALUES("385", "28", "Rugerero");
INSERT INTO ibarura_imirenge VALUES("386", "29", "Bugarama");
INSERT INTO ibarura_imirenge VALUES("387", "29", "Butare");
INSERT INTO ibarura_imirenge VALUES("388", "29", "Bweyeye");
INSERT INTO ibarura_imirenge VALUES("389", "29", "Gikundamvura");
INSERT INTO ibarura_imirenge VALUES("390", "29", "Gashonga");
INSERT INTO ibarura_imirenge VALUES("391", "29", "Giheke");
INSERT INTO ibarura_imirenge VALUES("392", "29", "Gihundwe");
INSERT INTO ibarura_imirenge VALUES("393", "29", "Gitambi");
INSERT INTO ibarura_imirenge VALUES("394", "29", "Kamembe");
INSERT INTO ibarura_imirenge VALUES("395", "29", "Muganza");
INSERT INTO ibarura_imirenge VALUES("396", "29", "Mururu");
INSERT INTO ibarura_imirenge VALUES("397", "29", "Nkanka");
INSERT INTO ibarura_imirenge VALUES("398", "29", "Nkombo");
INSERT INTO ibarura_imirenge VALUES("399", "29", "Nkungu");
INSERT INTO ibarura_imirenge VALUES("400", "29", "Nyakabuye");
INSERT INTO ibarura_imirenge VALUES("401", "29", "Nyakarenzo");
INSERT INTO ibarura_imirenge VALUES("402", "29", "Nzahaha");
INSERT INTO ibarura_imirenge VALUES("403", "29", "Rwimbogo");
INSERT INTO ibarura_imirenge VALUES("404", "30", "Boneza");
INSERT INTO ibarura_imirenge VALUES("405", "30", "Gihango");
INSERT INTO ibarura_imirenge VALUES("406", "30", "Kigeyo");
INSERT INTO ibarura_imirenge VALUES("407", "30", "Kivumu");
INSERT INTO ibarura_imirenge VALUES("408", "30", "Manihira");
INSERT INTO ibarura_imirenge VALUES("409", "30", "Mukura");
INSERT INTO ibarura_imirenge VALUES("410", "30", "Murunda");
INSERT INTO ibarura_imirenge VALUES("411", "30", "Musasa");
INSERT INTO ibarura_imirenge VALUES("412", "30", "Mushonyi");
INSERT INTO ibarura_imirenge VALUES("413", "30", "Mushubati");
INSERT INTO ibarura_imirenge VALUES("414", "30", "Nyabirasi");
INSERT INTO ibarura_imirenge VALUES("415", "30", "Ruhango");
INSERT INTO ibarura_imirenge VALUES("416", "30", "Rusebeya");



TRUNCATE TABLE ibarura_province;

CREATE TABLE `ibarura_province` (
  `province_id` int(11) NOT NULL,
  `province_name` varchar(20) NOT NULL,
  PRIMARY KEY (`province_id`)
) ENGINE=MyISAM DEFAULT CHARSET=latin1

INSERT INTO ibarura_province VALUES("1", "Eastern");
INSERT INTO ibarura_province VALUES("2", "Western");
INSERT INTO ibarura_province VALUES("3", "Southern");
INSERT INTO ibarura_province VALUES("4", "Northern");
INSERT INTO ibarura_province VALUES("5", "Kigali City");



TRUNCATE TABLE ibarura_uturere;

CREATE TABLE `ibarura_uturere` (
  `district_id` int(11) NOT NULL,
  `province_id` int(11) NOT NULL,
  `district_name` varchar(15) NOT NULL,
  PRIMARY KEY (`district_id`),
  KEY `province_id` (`province_id`)
) ENGINE=MyISAM DEFAULT CHARSET=latin1

INSERT INTO ibarura_uturere VALUES("1", "1", "Bugesera");
INSERT INTO ibarura_uturere VALUES("2", "1", "Gatsibo");
INSERT INTO ibarura_uturere VALUES("3", "1", "Kayonza");
INSERT INTO ibarura_uturere VALUES("4", "1", "Kirehe");
INSERT INTO ibarura_uturere VALUES("5", "1", "Ngoma");
INSERT INTO ibarura_uturere VALUES("6", "1", "Nyagatare");
INSERT INTO ibarura_uturere VALUES("7", "1", "Rwamagana");
INSERT INTO ibarura_uturere VALUES("8", "5", "Gasabo");
INSERT INTO ibarura_uturere VALUES("9", "5", "Kicukiro");
INSERT INTO ibarura_uturere VALUES("10", "5", "Nyarugenge");
INSERT INTO ibarura_uturere VALUES("11", "4", "Burera");
INSERT INTO ibarura_uturere VALUES("12", "4", "Gakenke");
INSERT INTO ibarura_uturere VALUES("13", "4", "Gicumbi");
INSERT INTO ibarura_uturere VALUES("14", "4", "Musanze");
INSERT INTO ibarura_uturere VALUES("15", "4", "Rulindo");
INSERT INTO ibarura_uturere VALUES("16", "3", "Gisagara");
INSERT INTO ibarura_uturere VALUES("17", "3", "Huye");
INSERT INTO ibarura_uturere VALUES("18", "3", "Kamonyi");
INSERT INTO ibarura_uturere VALUES("19", "3", "Muhanga");
INSERT INTO ibarura_uturere VALUES("20", "3", "Nyamagabe");
INSERT INTO ibarura_uturere VALUES("21", "3", "Nyanza");
INSERT INTO ibarura_uturere VALUES("22", "3", "Nyaruguru");
INSERT INTO ibarura_uturere VALUES("23", "3", "Ruhango");
INSERT INTO ibarura_uturere VALUES("24", "2", "Karongi");
INSERT INTO ibarura_uturere VALUES("25", "2", "Ngororero");
INSERT INTO ibarura_uturere VALUES("26", "2", "Nyabihu");
INSERT INTO ibarura_uturere VALUES("27", "2", "Nyamasheke");
INSERT INTO ibarura_uturere VALUES("28", "2", "Rubavu");
INSERT INTO ibarura_uturere VALUES("29", "2", "Rusizi");
INSERT INTO ibarura_uturere VALUES("30", "2", "Rutsiro");



TRUNCATE TABLE peaples;

CREATE TABLE `peaples` (
  `peaple_id` int(11) NOT NULL,
  `peaple_fname` text NOT NULL,
  `peaple_lname` text NOT NULL,
  `peaple_nid` text NOT NULL,
  `peaple_phone` text NOT NULL,
  `peaple_province` int(11) NOT NULL,
  `peaple_district` int(11) NOT NULL,
  `peaple_sector` int(11) NOT NULL,
  `peaple_cell` text NOT NULL,
  `peaple_gender` text NOT NULL,
  `peaple_nationality` text NOT NULL,
  `peaple_rw` int(11) NOT NULL,
  `peaple_code` text NOT NULL,
  `peaple_status` int(11) NOT NULL,
  PRIMARY KEY (`peaple_id`)
) ENGINE=MyISAM DEFAULT CHARSET=latin1

INSERT INTO peaples VALUES("1", "qqqq", "sdvds", "44634664", "3435543", "4", "15", "203", "ZDAS", "Male", "Rwandan", "1", "CHUR", "1");
INSERT INTO peaples VALUES("2", "", "", "", "", "0", "0", "0", "", "", "Rwandan", "0", "CHUR", "0");
INSERT INTO peaples VALUES("3", "", "", "", "", "0", "0", "0", "", "", "Rwandan", "0", "CHUR", "0");
INSERT INTO peaples VALUES("4", "", "", "", "", "0", "0", "0", "", "", "Rwandan", "0", "CHUR", "0");
INSERT INTO peaples VALUES("5", "", "", "", "", "0", "0", "0", "", "", "Rwandan", "0", "CHUR", "0");
INSERT INTO peaples VALUES("6", "Rugema", "Elysee", "1199580011169128", "0789564545", "5", "9", "115", "Rubirizi", "Male", "Rwandan", "0", "CHUR", "1");
INSERT INTO peaples VALUES("7", "", "", "", "", "0", "0", "0", "", "", "Rwandan", "0", "CHUR", "0");
INSERT INTO peaples VALUES("8", "Manzi", "King", "", "0786455601", "5", "8", "107", "Kibaza", "Male", "Rwandan", "0", "CHUR", "1");
INSERT INTO peaples VALUES("9", "", "", "", "", "0", "0", "0", "", "", "Rwandan", "0", "CHUR", "0");
INSERT INTO peaples VALUES("10", "Rukingabo ", "Zephanie", "1199280025634049", "0783447087", "5", "10", "126", "Muhima", "Male", "Rwandan", "0", "CHUR", "1");
INSERT INTO peaples VALUES("11", "Semibyare ", "celestin", "119778010470482", "0789083071", "5", "10", "125", "Nyaruyenzi", "Male", "Rwandan", "0", "CHUR", "1");
INSERT INTO peaples VALUES("12", "Marie Grace ", "Debora", "1199470105566009", "0786007266", "5", "9", "113", "Gikondo", "Female", "Rwandan", "0", "CHUR", "1");
INSERT INTO peaples VALUES("13", "Muhiza", "Jeanne", "", "0781722805", "5", "8", "107", "Kamutwa", "Female", "Rwandan", "0", "CHUR", "1");
INSERT INTO peaples VALUES("14", "", "", "", "", "0", "0", "0", "", "", "Rwandan", "0", "CHUR", "0");
INSERT INTO peaples VALUES("15", "Uwimana", "Seth", "1198980026132180", "0785660808", "5", "8", "103", "Mubuga", "Male", "Rwandan", "0", "CHUR", "1");
INSERT INTO peaples VALUES("16", "Kabagema", "Fabrice", "", "0783809728", "5", "8", "100", "Musezero", "Male", "Rwandan", "0", "CHUR", "1");
INSERT INTO peaples VALUES("17", "", "", "", "", "0", "0", "0", "", "", "Rwandan", "0", "CHUR", "0");
INSERT INTO peaples VALUES("18", "Theogene", "Amani", "1199480172731049", "0789172754", "5", "8", "100", "Masezero", "Male", "Rwandan", "0", "CHUR", "1");
INSERT INTO peaples VALUES("19", "Bigirimana ", "Claude", "1199280102568017", "078487820", "5", "8", "100", "Musezero", "Male", "Rwandan", "0", "CHUR", "1");
INSERT INTO peaples VALUES("20", "Nyiramajyambere", "Anezi", "1196670006226090", "0788775000", "5", "9", "120", "Kamashashi", "Female", "Rwandan", "0", "CHUR", "1");
INSERT INTO peaples VALUES("21", "Urankunda", "Jisele teya", "1199070195441048", "0784405501", "5", "10", "127", "Nyakabanda", "Female", "Rwandan", "0", "CHUR", "1");
INSERT INTO peaples VALUES("22", "Mukamana", "Janette", "", "0784906530", "5", "8", "100", "Ruhango", "Female", "Rwandan", "0", "CHUR", "1");
INSERT INTO peaples VALUES("23", "Ndayambaje", "Jean claude", "1198680032135187", "0785968537", "5", "8", "107", "Kamutwa", "Male", "Rwandan", "0", "CHUR", "1");
INSERT INTO peaples VALUES("24", "Mukanyandwi", "Ernestine", "1199170015802014", "0780563275", "5", "8", "100", "Gasharu", "Female", "Rwandan", "0", "CHUR", "1");
INSERT INTO peaples VALUES("25", "Ingabire", "Claudette", "", "0784389903", "5", "9", "116", "Nyarurama", "Female", "Rwandan", "0", "CHUR", "1");
INSERT INTO peaples VALUES("26", "Nyiramariza ", "Siphora", "", "0783071609", "5", "8", "100", "Musezero", "Female", "Rwandan", "0", "CHUR", "1");
INSERT INTO peaples VALUES("27", "Murugwiza", "Marguaritte", "1197070001145066", "0724169575", "5", "10", "125", "Nyarurenzi", "Female", "Rwandan", "0", "CHUR", "1");
INSERT INTO peaples VALUES("28", "", "", "", "", "0", "0", "0", "", "", "Rwandan", "0", "CHUR", "0");
INSERT INTO peaples VALUES("29", "Nyirakamana", "Anonciate", "119577003172093", "0783732222", "5", "8", "100", "Ntora", "Female", "Rwandan", "0", "CHUR", "1");
INSERT INTO peaples VALUES("30", "", "", "", "", "0", "0", "0", "", "", "Rwandan", "0", "CHUR", "0");
INSERT INTO peaples VALUES("31", "Mugisha", "Elisa", "1199880004122045", "0789688647", "5", "8", "100", "Musezero", "Male", "Rwandan", "0", "CHUR", "1");
INSERT INTO peaples VALUES("32", "", "", "", "", "0", "0", "0", "", "", "Rwandan", "0", "CHUR", "0");
INSERT INTO peaples VALUES("33", "", "", "", "", "0", "0", "0", "", "", "Rwandan", "0", "CHUR", "0");
INSERT INTO peaples VALUES("34", "Uwamaliya", "Christine", "1197070004140001", "0783191465", "5", "8", "100", "Musezero", "Male", "Rwandan", "0", "CHUR", "1");
INSERT INTO peaples VALUES("35", "Nkinzingabo Madadi", "Recab", "1200180091645072", "0781816227", "5", "8", "97", "Karuruma", "Male", "Rwandan", "0", "CHUR", "1");
INSERT INTO peaples VALUES("36", "Paradoxe", "Ngwasi", "", "0786284513", "5", "8", "100", "Ruhango", "Male", "Rwandan", "0", "CHUR", "1");
INSERT INTO peaples VALUES("37", "Tuyisenge", "Esperance", "1198370081523167", "0783350732", "5", "8", "102", "Murama", "Female", "Rwandan", "0", "CHUR", "1");
INSERT INTO peaples VALUES("38", "Katabarwa ", "Jeanne D\'Arc", "1196470001215075", "0784586040", "5", "10", "126", "Amahoro", "Female", "Rwandan", "0", "CHUR", "1");
INSERT INTO peaples VALUES("39", "", "", "", "", "0", "0", "0", "", "", "Rwandan", "0", "CHUR", "0");
INSERT INTO peaples VALUES("40", "Ruhamanya", "Chance Eric", "1198880214861012", "0782219534", "5", "8", "109", "Kimironko", "Male", "Rwandan", "0", "CHUR", "1");
INSERT INTO peaples VALUES("41", "Nsengiyumva ", "Bernard", "", "0788435386", "5", "8", "100", "Musezero", "Male", "Rwandan", "0", "CHUR", "1");
INSERT INTO peaples VALUES("42", "Ken", "Khaemba", "", "0787713354", "5", "8", "107", "Kibaza", "Male", "Rwandan", "0", "CHUR", "1");
INSERT INTO peaples VALUES("43", "Nyirabatoni", "Valentine", "", "0783483169", "5", "8", "100", "Musezero", "Female", "Rwandan", "0", "CHUR", "1");
INSERT INTO peaples VALUES("44", "", "", "", "", "0", "0", "0", "", "", "Rwandan", "0", "CHUR", "0");
INSERT INTO peaples VALUES("45", "", "", "", "", "0", "0", "0", "", "", "Rwandan", "0", "CHUR", "0");
INSERT INTO peaples VALUES("46", "", "", "", "", "0", "0", "0", "", "", "Rwandan", "0", "CHUR", "0");
INSERT INTO peaples VALUES("47", "", "", "", "", "0", "0", "0", "", "", "Rwandan", "0", "CHUR", "0");
INSERT INTO peaples VALUES("48", "Muhigirwa", "Lodi", "1199380085881052", "0786777372", "5", "8", "107", "Kamutwe", "Male", "Rwandan", "0", "CHUR", "1");
INSERT INTO peaples VALUES("49", "Magenzi", "Alice", "1197870064018050", "0788261869", "5", "8", "100", "Musezero", "Female", "Rwandan", "0", "CHUR", "1");
INSERT INTO peaples VALUES("50", "Nikuze", "Agnes", "1199070018365033", "0782163542", "5", "8", "100", "Ruhango", "Male", "Rwandan", "0", "CHUR", "1");
INSERT INTO peaples VALUES("51", "Nteziryayo", "Anastase", "1197780008231194", "0785866388", "5", "8", "100", "Ruhango", "Male", "Rwandan", "0", "CHUR", "1");
INSERT INTO peaples VALUES("52", "Rutayisire", "Anastase", "1196780068257056", "0788407061", "5", "8", "102", "Gagugu", "Male", "Rwandan", "0", "CHUR", "1");
INSERT INTO peaples VALUES("53", "", "", "", "", "0", "0", "0", "", "", "Rwandan", "0", "CHUR", "0");
INSERT INTO peaples VALUES("54", "", "", "", "", "0", "0", "0", "", "", "Rwandan", "0", "CHUR", "0");
INSERT INTO peaples VALUES("55", "", "", "", "", "0", "0", "0", "", "", "Rwandan", "0", "CHUR", "0");
INSERT INTO peaples VALUES("56", "Narame", "Vestine", "119667000031805", "0786968788", "5", "10", "123", "Mwendo", "Female", "Rwandan", "0", "CHUR", "1");
INSERT INTO peaples VALUES("57", "", "", "", "", "0", "0", "0", "", "", "Rwandan", "0", "CHUR", "0");
INSERT INTO peaples VALUES("58", "Kabagema", "Alice", "1200070140789019", "0784385221", "5", "8", "100", "Musezero", "Female", "Rwandan", "0", "CHUR", "1");
INSERT INTO peaples VALUES("59", "Nishimwe", "Aliane", "1199470223171000", "0780681394", "5", "8", "107", "Kamutwa", "Male", "Rwandan", "0", "CHUR", "1");
INSERT INTO peaples VALUES("60", "", "", "", "", "0", "0", "0", "", "", "Rwandan", "0", "CHUR", "0");
INSERT INTO peaples VALUES("61", "Uwimana", "Ruth", "1195870001859093", "0789521395", "5", "8", "104", "Shango", "Male", "Rwandan", "0", "CHUR", "1");
INSERT INTO peaples VALUES("62", "Nkuriyingoma", "Gafunga", "1197380003498093", "0788230148", "5", "8", "97", "Nyamabuye ", "Male", "Rwandan", "0", "CHUR", "1");
INSERT INTO peaples VALUES("63", "Mugabekazi", "Esther", "", "0789302833", "5", "8", "100", "Musezero", "Female", "Rwandan", "0", "CHUR", "1");
INSERT INTO peaples VALUES("64", "Uwamahoro", "Henriette", "2198870000812115", "0785168414", "5", "8", "100", "Musezero", "Female", "Rwandan", "0", "CHUR", "1");
INSERT INTO peaples VALUES("65", "", "", "", "", "0", "0", "0", "", "", "Rwandan", "0", "CHUR", "0");
INSERT INTO peaples VALUES("66", "Mukamugema", "Natalie", "", "0783815015", "5", "8", "100", "Ruhango", "Female", "Rwandan", "0", "CHUR", "1");
INSERT INTO peaples VALUES("67", "", "", "", "", "0", "0", "0", "", "", "Rwandan", "0", "CHUR", "0");
INSERT INTO peaples VALUES("68", "Manirafasha", "Honorine", "1199570046873060", "0781984692", "5", "8", "102", "Kagugu", "Female", "Rwandan", "0", "CHUR", "1");
INSERT INTO peaples VALUES("69", "Ingabire", "Phoibe", "1199670093447060", "0782489337", "5", "8", "100", "Kagugu", "Female", "Rwandan", "0", "CHUR", "1");
INSERT INTO peaples VALUES("70", "Name", "Last", "1120060076611357", "07888", "4", "15", "211", "", "", "Rwandan", "0", "CHUR", "0");
INSERT INTO peaples VALUES("71", "", "", "", "", "0", "0", "0", "", "", "Rwandan", "0", "CHUR", "0");
INSERT INTO peaples VALUES("72", "Noami", "Kombo", "", "0786144576", "5", "8", "102", "Kagugu", "Female", "Rwandan", "0", "CHUR", "1");
INSERT INTO peaples VALUES("73", "", "", "", "", "0", "0", "0", "", "", "Rwandan", "0", "CHUR", "0");
INSERT INTO peaples VALUES("74", "", "", "", "", "0", "0", "0", "", "", "Rwandan", "0", "CHUR", "0");
INSERT INTO peaples VALUES("75", "Bazere", "Immacule", "", "0788273435", "5", "10", "121", "Kanunga", "Female", "Rwandan", "0", "CHUR", "1");
INSERT INTO peaples VALUES("76", "", "", "", "", "0", "0", "0", "", "", "Rwandan", "0", "CHUR", "0");
INSERT INTO peaples VALUES("77", "Bizimungu", "Jonathan", "119648003003961064", "0783735319", "5", "8", "100", "Musezero", "Male", "Rwandan", "0", "CHUR", "1");
INSERT INTO peaples VALUES("78", "", "", "", "", "0", "0", "0", "", "", "Rwandan", "0", "CHUR", "0");
INSERT INTO peaples VALUES("79", "Mvuyekure", "Jules", "1199280210269040", "0780731676", "5", "8", "100", "Musezero", "Male", "Rwandan", "0", "CHUR", "1");
INSERT INTO peaples VALUES("80", "Lucien", "Habineza", "1199980006298047", "0785845731", "5", "8", "107", "Gashara", "Male", "Rwandan", "0", "CHUR", "1");
INSERT INTO peaples VALUES("81", "", "", "", "", "0", "0", "0", "", "", "Rwandan", "0", "CHUR", "0");
INSERT INTO peaples VALUES("82", "", "", "", "", "0", "0", "0", "", "", "Rwandan", "0", "CHUR", "0");
INSERT INTO peaples VALUES("83", "", "", "", "", "0", "0", "0", "", "", "Rwandan", "0", "CHUR", "0");
INSERT INTO peaples VALUES("84", "Elyse", "Ndayishimiye", "1199480155865038", "0789931963", "5", "9", "116", "Kamashashi", "Male", "Rwandan", "0", "CHUR", "1");
INSERT INTO peaples VALUES("85", "Ntagara mugisha", "Prence", "", "0783811005", "5", "8", "100", "Musezero", "Male", "Rwandan", "0", "CHUR", "1");
INSERT INTO peaples VALUES("86", "", "", "", "", "0", "0", "0", "", "", "Rwandan", "0", "CHUR", "0");
INSERT INTO peaples VALUES("87", "Umuhoza", "Irene", "", "0788614574", "5", "8", "109", "Inshuti", "Female", "Rwandan", "0", "CHUR", "1");
INSERT INTO peaples VALUES("88", "Hitimana ", "Osuald", "1195780001253036", "0788924861", "5", "8", "100", "Ruhango", "Male", "Rwandan", "0", "CHUR", "1");
INSERT INTO peaples VALUES("89", "", "", "", "", "0", "0", "0", "", "", "Rwandan", "0", "CHUR", "0");
INSERT INTO peaples VALUES("90", "Niyibizi", "Theophile", "119680002957088", "0783737339", "5", "8", "100", "Musozi", "Male", "Rwandan", "0", "CHUR", "1");
INSERT INTO peaples VALUES("91", "Mukagatera", "Ancilla", "1196070002287161", "0788819861", "5", "10", "123", "Nyabugogo", "Female", "Rwandan", "0", "CHUR", "1");
INSERT INTO peaples VALUES("92", "Mahame Manzi", "Alain", "1198280205354069", "0789305555", "5", "9", "117", "Kigarama", "Male", "Rwandan", "0", "CHUR", "1");
INSERT INTO peaples VALUES("93", "", "", "", "", "0", "0", "0", "", "", "Rwandan", "0", "CHUR", "0");
INSERT INTO peaples VALUES("94", "Iraha ", "Solange ", "", "0788847323", "5", "8", "100", "Musezero", "Female", "Rwandan", "0", "CHUR", "1");
INSERT INTO peaples VALUES("95", "Bahati", "Vedaste", "1197880008212286", "0788597432", "5", "8", "102", "Kagugu", "Male", "Rwandan", "0", "CHUR", "1");
INSERT INTO peaples VALUES("96", "Minani", "Daniel", "1196580024596160", "0786437313", "5", "9", "111", "Karembure", "Male", "Rwandan", "0", "CHUR", "1");
INSERT INTO peaples VALUES("97", "Some", "Name", "3656500096632178", "0788888888", "2", "25", "346", "", "option2", "Rwandan", "0", "CHUR", "0");
INSERT INTO peaples VALUES("98", "", "", "", "", "0", "0", "0", "", "", "Rwandan", "0", "CHUR", "0");
INSERT INTO peaples VALUES("99", "", "", "", "", "0", "0", "0", "", "", "Rwandan", "0", "CHUR", "0");
INSERT INTO peaples VALUES("100", "Kaya", "papato", "11985630199557075", "0783222080", "4", "15", "218", "", "option2", "Rwandan", "0", "CHUR", "0");
INSERT INTO peaples VALUES("101", "Nkanika", "Richard", "1197580003295044", "0705709141", "5", "10", "124", "Katabaro", "Male", "Rwandan", "0", "CHUR", "1");
INSERT INTO peaples VALUES("102", "Muhawenimana", "Noe", "1198680199557075", "0783222080", "4", "15", "218", "", "", "Rwandan", "0", "CHUR", "0");
INSERT INTO peaples VALUES("103", "Mukampazimaka", "Janvier", "", "0784145587", "5", "8", "100", "Musezero", "Female", "Rwandan", "0", "CHUR", "1");
INSERT INTO peaples VALUES("104", "Mukanyawera", "Mariam", "119607002013205", "07887632912", "5", "8", "98", "Muko", "Female", "Rwandan", "0", "CHUR", "1");
INSERT INTO peaples VALUES("105", "", "", "", "", "0", "0", "0", "", "", "Rwandan", "0", "CHUR", "0");
INSERT INTO peaples VALUES("106", "", "", "", "", "0", "0", "0", "", "", "Rwandan", "0", "CHUR", "0");
INSERT INTO peaples VALUES("107", "", "", "", "", "0", "0", "0", "", "", "Rwandan", "0", "CHUR", "0");
INSERT INTO peaples VALUES("108", "", "", "", "", "0", "0", "0", "", "", "Rwandan", "0", "CHUR", "0");
INSERT INTO peaples VALUES("109", "", "", "", "", "0", "0", "0", "", "", "Rwandan", "0", "CHUR", "0");
INSERT INTO peaples VALUES("110", "", "", "", "", "0", "0", "0", "", "", "Rwandan", "0", "CHUR", "0");
INSERT INTO peaples VALUES("111", "", "", "", "", "0", "0", "0", "", "", "Rwandan", "0", "CHUR", "0");
INSERT INTO peaples VALUES("112", "Mukaman", "Celaphine", "", "0785121982", "5", "8", "100", "Ruhango", "Female", "Rwandan", "0", "CHUR", "1");
INSERT INTO peaples VALUES("113", "Dieudonne", "Sebahashyi", "1197080004097055", "0788839455", "5", "8", "100", "Ruhango", "Male", "Rwandan", "0", "CHUR", "1");
INSERT INTO peaples VALUES("114", "Mukamana", "Francoise", "1197670001586031", "0724924159", "5", "10", "125", "Nyarurenzi", "Female", "Rwandan", "0", "CHUR", "1");
INSERT INTO peaples VALUES("115", "Bolingo", "Amurani", "1197380075075017", "0781633651", "5", "8", "109", "Kibagabaga", "Male", "Rwandan", "0", "CHUR", "1");
INSERT INTO peaples VALUES("116", "Madadi ", "Nestor ", "", "0788755297", "5", "8", "97", "Karuruma", "Male", "Rwandan", "0", "CHUR", "1");
INSERT INTO peaples VALUES("117", "Uwizeyimana ", "Clementine", "1199170027344066", "0789072911", "5", "8", "100", "Musezero", "Female", "Rwandan", "0", "CHUR", "1");
INSERT INTO peaples VALUES("118", "Masengesho", "Kevine", "", "0784146222", "5", "8", "100", "Musezero", "Female", "Rwandan", "0", "CHUR", "1");
INSERT INTO peaples VALUES("119", "", "", "", "", "0", "0", "0", "", "", "Rwandan", "0", "CHUR", "0");
INSERT INTO peaples VALUES("120", "", "", "", "", "0", "0", "0", "", "", "Rwandan", "0", "CHUR", "0");
INSERT INTO peaples VALUES("121", "", "", "", "", "0", "0", "0", "", "", "Rwandan", "0", "CHUR", "0");
INSERT INTO peaples VALUES("122", "Irakoze", "Graine", "", "0781138353", "5", "8", "100", "Musezero", "Female", "Rwandan", "0", "CHUR", "1");
INSERT INTO peaples VALUES("123", "Nyiramugisha", "Divine", "", "0788892331", "5", "8", "102", "Kagugu", "Female", "Rwandan", "0", "CHUR", "1");
INSERT INTO peaples VALUES("124", "", "", "", "", "0", "0", "0", "", "", "Rwandan", "0", "CHUR", "0");
INSERT INTO peaples VALUES("125", "Amani", "Faustin", "", "0781720036", "5", "8", "107", "Kamutwa", "Male", "Rwandan", "0", "CHUR", "1");
INSERT INTO peaples VALUES("126", "", "", "", "", "0", "0", "0", "", "", "Rwandan", "0", "CHUR", "0");
INSERT INTO peaples VALUES("127", "Mushimiyimana", "Violette", "1199070029547262", "0786517967", "5", "8", "100", "Nyakariba", "Female", "Rwandan", "0", "CHUR", "1");
INSERT INTO peaples VALUES("128", "Irakoze", "Agapao Patience", "1199870099542138", "0781961149", "5", "9", "117", "Bwerankori", "Female", "Rwandan", "0", "CHUR", "1");
INSERT INTO peaples VALUES("129", "", "", "", "", "0", "0", "0", "", "", "Rwandan", "0", "CHUR", "0");
INSERT INTO peaples VALUES("130", "Uwamahoro", "Sifa", "1198070007645133", "0783612596", "5", "8", "97", "Nyamabuye", "Female", "Rwandan", "0", "CHUR", "1");
INSERT INTO peaples VALUES("131", "", "", "", "", "0", "0", "0", "", "", "Rwandan", "0", "CHUR", "0");
INSERT INTO peaples VALUES("132", "Igari", "Balemba Patrick", "10091401", "0784725385", "5", "8", "100", "Musezero", "Male", "Rwandan", "0", "CHUR", "1");
INSERT INTO peaples VALUES("133", "", "", "", "", "0", "0", "0", "", "", "Rwandan", "0", "CHUR", "0");
INSERT INTO peaples VALUES("134", "Tuyisenge", "Clarise", "1198570084753083", "0788790725", "5", "8", "109", "Kibagabaga", "Female", "Rwandan", "0", "CHUR", "1");
INSERT INTO peaples VALUES("135", "", "", "", "", "0", "0", "0", "", "", "Rwandan", "0", "CHUR", "0");
INSERT INTO peaples VALUES("136", "Utamuriza", "Garace", "", "0786579818", "5", "8", "107", "Kamutwa", "Male", "Rwandan", "0", "CHUR", "1");
INSERT INTO peaples VALUES("137", "", "", "", "", "0", "0", "0", "", "", "Rwandan", "0", "CHUR", "0");
INSERT INTO peaples VALUES("138", "Mukashema ", "Esperance", "1196270005012006", "07888769292", "5", "9", "117", "Bweraankore", "Female", "Rwandan", "0", "CHUR", "1");
INSERT INTO peaples VALUES("139", "", "", "", "", "0", "0", "0", "", "", "Rwandan", "0", "CHUR", "0");
INSERT INTO peaples VALUES("140", "", "", "", "", "0", "0", "0", "", "", "Rwandan", "0", "CHUR", "0");
INSERT INTO peaples VALUES("141", "Nsanzunutware", "Kaliste", "1198380015949052", "0788298383", "5", "8", "100", "Musezero", "Male", "Rwandan", "0", "CHUR", "1");
INSERT INTO peaples VALUES("142", "Isaro Rwego ", "Michallah", "", "0783715959", "5", "8", "100", "Musezero", "Female", "Rwandan", "0", "CHUR", "1");
INSERT INTO peaples VALUES("143", "", "", "", "", "0", "0", "0", "", "", "Rwandan", "0", "CHUR", "0");
INSERT INTO peaples VALUES("144", "", "", "", "", "0", "0", "0", "", "", "Rwandan", "0", "CHUR", "0");
INSERT INTO peaples VALUES("145", "", "", "", "", "0", "0", "0", "", "", "Rwandan", "0", "CHUR", "0");
INSERT INTO peaples VALUES("146", "Mukampazimpaka", "Jeanne", "1196970007981081", "0783144085", "5", "8", "96", "Misezero", "Female", "Rwandan", "0", "CHUR", "1");
INSERT INTO peaples VALUES("147", "", "", "", "", "0", "0", "0", "", "", "Rwandan", "0", "CHUR", "0");
INSERT INTO peaples VALUES("148", "", "", "", "", "0", "0", "0", "", "", "Rwandan", "0", "CHUR", "0");
INSERT INTO peaples VALUES("149", "", "", "", "", "0", "0", "0", "", "", "Rwandan", "0", "CHUR", "0");
INSERT INTO peaples VALUES("150", "", "", "", "", "0", "0", "0", "", "", "Rwandan", "0", "CHUR", "0");
INSERT INTO peaples VALUES("151", "", "", "", "", "0", "0", "0", "", "", "Rwandan", "0", "CHUR", "0");
INSERT INTO peaples VALUES("152", "", "", "", "", "0", "0", "0", "", "", "Rwandan", "0", "CHUR", "0");
INSERT INTO peaples VALUES("153", "", "", "", "", "0", "0", "0", "", "", "Rwandan", "0", "CHUR", "0");
INSERT INTO peaples VALUES("154", "Kagabika Mukuyu", "Boaz", "1195780011835145", "0788517276", "5", "8", "100", "Ruhango", "Male", "Rwandan", "0", "CHUR", "1");
INSERT INTO peaples VALUES("155", "", "", "", "", "0", "0", "0", "", "", "Rwandan", "0", "CHUR", "0");
INSERT INTO peaples VALUES("156", "", "", "", "", "0", "0", "0", "", "", "Rwandan", "0", "CHUR", "0");
INSERT INTO peaples VALUES("157", "", "", "", "", "0", "0", "0", "", "", "Rwandan", "0", "CHUR", "0");
INSERT INTO peaples VALUES("158", "", "", "", "", "0", "0", "0", "", "", "Rwandan", "0", "CHUR", "0");
INSERT INTO peaples VALUES("159", "", "", "", "", "0", "0", "0", "", "", "Rwandan", "0", "CHUR", "0");
INSERT INTO peaples VALUES("160", "", "", "", "", "0", "0", "0", "", "", "Rwandan", "0", "CHUR", "0");
INSERT INTO peaples VALUES("161", "", "", "", "", "0", "0", "0", "", "", "Rwandan", "0", "CHUR", "0");
INSERT INTO peaples VALUES("162", "Mukangango", "Marie", "", "0788533607", "5", "8", "102", "Kagugu", "Female", "Rwandan", "0", "CHUR", "1");
INSERT INTO peaples VALUES("163", "", "", "", "", "0", "0", "0", "", "", "Rwandan", "0", "CHUR", "0");
INSERT INTO peaples VALUES("164", "", "", "", "", "0", "0", "0", "", "", "Rwandan", "0", "CHUR", "0");
INSERT INTO peaples VALUES("165", "", "", "", "", "0", "0", "0", "", "", "Rwandan", "0", "CHUR", "0");
INSERT INTO peaples VALUES("166", "", "", "", "", "0", "0", "0", "", "", "Rwandan", "0", "CHUR", "0");
INSERT INTO peaples VALUES("167", "", "", "", "", "0", "0", "0", "", "", "Rwandan", "0", "CHUR", "0");
INSERT INTO peaples VALUES("168", "Nzaramba", "Samuel", "1199380008714222", "0788949052", "5", "8", "107", "Kibaza", "Male", "Rwandan", "0", "CHUR", "1");
INSERT INTO peaples VALUES("169", "", "", "", "", "0", "0", "0", "", "", "Rwandan", "0", "CHUR", "0");
INSERT INTO peaples VALUES("170", "Babingwa", "Josue", "1199680180046050", "0783106508", "5", "9", "113", "Bwerankore", "Male", "Rwandan", "0", "CHUR", "1");
INSERT INTO peaples VALUES("171", "", "", "", "", "0", "0", "0", "", "", "Rwandan", "0", "CHUR", "0");
INSERT INTO peaples VALUES("172", "", "", "", "", "0", "0", "0", "", "", "Rwandan", "0", "CHUR", "0");
INSERT INTO peaples VALUES("173", "Ishimwe ", "Sabine", "", "0785336279", "5", "8", "100", "Musezero", "Female", "Rwandan", "0", "CHUR", "1");
INSERT INTO peaples VALUES("174", "", "", "", "", "0", "0", "0", "", "", "Rwandan", "0", "CHUR", "0");
INSERT INTO peaples VALUES("175", "", "", "", "", "0", "0", "0", "", "", "Rwandan", "0", "CHUR", "0");
INSERT INTO peaples VALUES("176", "", "", "", "", "0", "0", "0", "", "", "Rwandan", "0", "CHUR", "0");
INSERT INTO peaples VALUES("177", "", "", "", "", "0", "0", "0", "", "", "Rwandan", "0", "CHUR", "0");
INSERT INTO peaples VALUES("178", "Pierre ", "Balinda", "1190071136412", "0788888888", "5", "0", "0", "", "", "Rwandan", "0", "CHUR", "0");
INSERT INTO peaples VALUES("179", "ll", "ll", "3235", "61316", "5", "0", "0", "", "", "Rwandan", "0", "CHUR", "0");
INSERT INTO peaples VALUES("180", "", "", "", "", "0", "0", "0", "", "", "Rwandan", "0", "CHUR", "0");
INSERT INTO peaples VALUES("181", "o", "o", "235", "088966", "1", "0", "0", "", "", "Rwandan", "0", "CHUR", "0");
INSERT INTO peaples VALUES("182", "", "", "", "", "0", "0", "0", "", "", "Rwandan", "0", "CHUR", "0");
INSERT INTO peaples VALUES("183", "Ndagijimana", "Valens", "1198980046596008", "0785415070", "5", "10", "123", "Nyabugogo", "Male", "Rwandan", "0", "CHUR", "1");
INSERT INTO peaples VALUES("184", "Mukamurara", "Immacule", "", "0780728005", "5", "8", "100", "Rukeri", "Female", "Rwandan", "0", "CHUR", "1");
INSERT INTO peaples VALUES("185", "", "", "", "", "0", "0", "0", "", "", "Rwandan", "0", "CHUR", "0");
INSERT INTO peaples VALUES("186", "Havugimana", "Eric", "1198780079342095", "0785563782", "5", "8", "107", "Kamutwa", "Male", "Rwandan", "0", "CHUR", "1");
INSERT INTO peaples VALUES("187", "", "", "", "", "0", "0", "0", "", "", "Rwandan", "0", "CHUR", "0");
INSERT INTO peaples VALUES("188", "", "", "", "", "0", "0", "0", "", "", "Rwandan", "0", "CHUR", "0");
INSERT INTO peaples VALUES("189", "", "", "", "", "0", "0", "0", "", "", "Rwandan", "0", "CHUR", "0");
INSERT INTO peaples VALUES("190", "", "", "", "", "0", "0", "0", "", "", "Rwandan", "0", "CHUR", "0");
INSERT INTO peaples VALUES("191", "", "", "", "", "0", "0", "0", "", "", "Rwandan", "0", "CHUR", "0");
INSERT INTO peaples VALUES("192", "Nzaramba munyurwa", "William", "1200280207708070", "0780583711", "5", "8", "107", "Virunga", "Male", "Rwandan", "0", "CHUR", "1");
INSERT INTO peaples VALUES("193", "", "", "", "", "0", "0", "0", "", "", "Rwandan", "0", "CHUR", "0");
INSERT INTO peaples VALUES("194", "Mukaneza", "Christine", "1198670009749034", "0788718773", "5", "8", "100", "Ruhango", "Female", "Rwandan", "0", "CHUR", "1");
INSERT INTO peaples VALUES("195", "", "", "", "", "0", "0", "0", "", "", "Rwandan", "0", "CHUR", "0");
INSERT INTO peaples VALUES("196", "", "", "", "", "0", "0", "0", "", "", "Rwandan", "0", "CHUR", "0");
INSERT INTO peaples VALUES("197", "", "", "", "", "0", "0", "0", "", "", "Rwandan", "0", "CHUR", "0");
INSERT INTO peaples VALUES("198", "Ruzindaza", "Jean", "1196280074657068", "0785336279", "5", "8", "100", "Musezero", "Male", "Rwandan", "0", "CHUR", "1");
INSERT INTO peaples VALUES("199", "Nikaze", "Princia Bella", "1199580029100042", "0783307501", "5", "10", "123", "dwdw", "Female", "Rwandan", "0", "CHUR", "1");
INSERT INTO peaples VALUES("200", "Ishimwe R", "Jerthi", "", "0788872764", "5", "8", "104", "Gatunga", "Female", "Rwandan", "0", "CHUR", "1");
INSERT INTO peaples VALUES("201", "", "", "", "", "0", "0", "0", "", "", "Rwandan", "0", "CHUR", "0");
INSERT INTO peaples VALUES("202", "Nsengiyumva", "Joseph", "1197180038318033", "0780713658", "5", "9", "111", "Gahanga", "Male", "Rwandan", "0", "CHUR", "1");
INSERT INTO peaples VALUES("203", "Munezero", "Divine", "", "0787658198", "5", "10", "121", "Kora", "Female", "Rwandan", "0", "CHUR", "1");
INSERT INTO peaples VALUES("204", "", "", "", "", "0", "0", "0", "", "", "Rwandan", "0", "CHUR", "0");
INSERT INTO peaples VALUES("205", "Munyarukundo", "Alphonine", "1198470009140027", "0783629965", "5", "8", "102", "Kagugu", "Female", "Rwandan", "0", "CHUR", "1");
INSERT INTO peaples VALUES("206", "", "", "", "", "0", "0", "0", "", "", "Rwandan", "0", "CHUR", "0");
INSERT INTO peaples VALUES("207", "", "", "", "", "0", "0", "0", "", "", "Rwandan", "0", "CHUR", "0");
INSERT INTO peaples VALUES("208", "Bandekwe", "Ephraim", "1197780004874095", "0785917840", "5", "10", "129", "Nyakabanda", "Male", "Rwandan", "0", "CHUR", "1");
INSERT INTO peaples VALUES("209", "Bizimana", "Theogen", "", "0788486713", "5", "8", "109", "Bibare", "Male", "Rwandan", "0", "CHUR", "1");
INSERT INTO peaples VALUES("210", "Nyarusumba", "Elie", "22129535080", "0789347581", "5", "10", "130", "Agatare", "Male", "Rwandan", "0", "CHUR", "1");
INSERT INTO peaples VALUES("211", "", "", "", "", "0", "0", "0", "", "", "Rwandan", "0", "CHUR", "0");
INSERT INTO peaples VALUES("212", "", "", "", "", "0", "0", "0", "", "", "Rwandan", "0", "CHUR", "0");
INSERT INTO peaples VALUES("213", "Musana", "Pacifique", "", "0788306775", "5", "8", "109", "Kibagabag", "Male", "Rwandan", "0", "CHUR", "1");
INSERT INTO peaples VALUES("214", "Ndayisabye ", "Jeaan Paul", "1199180159354179", "0782213143", "5", "8", "101", "Akamatamu", "Male", "Rwandan", "0", "CHUR", "1");
INSERT INTO peaples VALUES("215", "Mukakibibi", "Jaqueline", "1198070009296090", "0782551886", "5", "8", "98", "Muko", "Female", "Rwandan", "0", "CHUR", "1");
INSERT INTO peaples VALUES("216", "Uwera", "Angelique", "1199470104413029", "0787324339", "5", "8", "102", "Kagugu", "Female", "Rwandan", "0", "CHUR", "1");
INSERT INTO peaples VALUES("217", "", "", "", "", "0", "0", "0", "", "", "Rwandan", "0", "CHUR", "0");
INSERT INTO peaples VALUES("218", "Madadi", "Naomi", "1199870100439047", "0789165548", "5", "8", "97", "Karuruma", "Female", "Rwandan", "0", "CHUR", "1");
INSERT INTO peaples VALUES("219", "Mbonimana", "Divin", "", "0785830854", "5", "8", "107", "Kamutwa", "Male", "Rwandan", "0", "CHUR", "1");
INSERT INTO peaples VALUES("220", "", "", "", "", "0", "0", "0", "", "", "Rwandan", "0", "CHUR", "0");
INSERT INTO peaples VALUES("221", "", "", "", "", "0", "0", "0", "", "", "Rwandan", "0", "CHUR", "0");
INSERT INTO peaples VALUES("222", "", "", "", "", "0", "0", "0", "", "", "Rwandan", "0", "CHUR", "0");
INSERT INTO peaples VALUES("223", "Ntakazarimana", "Emmanuel", "1196280026706055", "0783042142", "5", "8", "109", "Zindiro", "Male", "Rwandan", "0", "CHUR", "1");
INSERT INTO peaples VALUES("224", "", "", "", "", "0", "0", "0", "", "", "Rwandan", "0", "CHUR", "0");
INSERT INTO peaples VALUES("225", "Kasongo", "Ben", "", "0784165613", "5", "8", "100", "Mesezero", "Male", "Rwandan", "0", "CHUR", "1");
INSERT INTO peaples VALUES("226", "Mukabaranga", "Clementine", "", "0727600946", "5", "8", "100", "Musezero", "Female", "Rwandan", "0", "CHUR", "1");
INSERT INTO peaples VALUES("227", "Yankurije", "Beretilde", "1197570005467018", "0782680267", "5", "8", "107", "Kamutwa", "Female", "Rwandan", "0", "CHUR", "1");
INSERT INTO peaples VALUES("228", "", "", "", "", "0", "0", "0", "", "", "Rwandan", "0", "CHUR", "0");
INSERT INTO peaples VALUES("229", "Nyiramana Mbabazi", "Gift", "1199570142178004", "0784551637", "5", "8", "97", "Nyababuye", "Female", "Rwandan", "0", "CHUR", "1");
INSERT INTO peaples VALUES("230", "", "", "", "", "0", "0", "0", "", "", "Rwandan", "0", "CHUR", "0");
INSERT INTO peaples VALUES("231", "", "", "", "", "0", "0", "0", "", "", "Rwandan", "0", "CHUR", "0");
INSERT INTO peaples VALUES("232", "Uwituze", "Pieline", "", "0783144085", "5", "8", "100", "Musezero", "Female", "Rwandan", "0", "CHUR", "1");
INSERT INTO peaples VALUES("233", "Amani Manzi ", "Alain", "1199080080722173", "0788303841", "5", "8", "107", "Umutako", "Male", "Rwandan", "0", "CHUR", "1");
INSERT INTO peaples VALUES("234", "", "", "", "", "0", "0", "0", "", "", "Rwandan", "0", "CHUR", "0");
INSERT INTO peaples VALUES("235", "Muhoza", "Patrick", "", "0788480358", "5", "8", "100", "Ruhango", "Male", "Rwandan", "0", "CHUR", "1");
INSERT INTO peaples VALUES("236", "", "", "", "", "0", "0", "0", "", "", "Rwandan", "0", "CHUR", "0");
INSERT INTO peaples VALUES("237", "Martha", "Sifa", "", "0785194068", "5", "8", "109", "Kibagabag", "Female", "Rwandan", "0", "CHUR", "1");
INSERT INTO peaples VALUES("238", "Ngabonziza", "Patrick", "1199180049078067", "0788977933", "5", "8", "100", "Ruhango", "Male", "Rwandan", "0", "CHUR", "1");
INSERT INTO peaples VALUES("239", "Nabintu", "Aline", "", "0734774016", "5", "8", "109", "Kibagabaga", "Female", "Rwandan", "0", "CHUR", "1");
INSERT INTO peaples VALUES("240", "Majyambere Mukindi", "Hugue", "1198980009626259", "0786081604", "5", "8", "107", "Kacyiru", "Male", "Rwandan", "0", "CHUR", "1");
INSERT INTO peaples VALUES("241", "Kabagema ", "Emmanuel", "1196280001914015", "0783483421", "5", "8", "100", "Musezero", "Female", "Rwandan", "0", "CHUR", "1");
INSERT INTO peaples VALUES("242", "", "", "", "", "0", "0", "0", "", "", "Rwandan", "0", "CHUR", "0");
INSERT INTO peaples VALUES("243", "Uwimana", "Efracie", "", "0724775537", "5", "8", "100", "Musezero", "Female", "Rwandan", "0", "CHUR", "1");
INSERT INTO peaples VALUES("244", "", "", "", "", "0", "0", "0", "", "", "Rwandan", "0", "CHUR", "0");
INSERT INTO peaples VALUES("245", "Wanyonyi", "Rebecca", "3198970218497001", "0789360214", "5", "8", "107", "Kibaza", "Male", "Rwandan", "0", "CHUR", "1");
INSERT INTO peaples VALUES("246", "", "", "", "", "0", "0", "0", "", "", "Rwandan", "0", "CHUR", "0");
INSERT INTO peaples VALUES("247", "", "", "", "", "0", "0", "0", "", "", "Rwandan", "0", "CHUR", "0");
INSERT INTO peaples VALUES("248", "Ndayisaba", "Silas", "1198680187246062", "07881462513", "5", "8", "100", "Musezero", "Male", "Rwandan", "0", "CHUR", "1");
INSERT INTO peaples VALUES("249", "Ntagara ", "Pascal", "1196680001554091", "0784301613", "5", "8", "100", "Musezero", "Male", "Rwandan", "0", "CHUR", "1");
INSERT INTO peaples VALUES("250", "Mustindashyaka", "Hashimu", "1196780066473168", "0787342233", "5", "9", "111", "Karembure", "Male", "Rwandan", "0", "CHUR", "1");
INSERT INTO peaples VALUES("251", "Kahindo", "David", "", "0780441631", "5", "8", "100", "Musezero", "Male", "Rwandan", "0", "CHUR", "1");
INSERT INTO peaples VALUES("252", "", "", "", "", "0", "0", "0", "", "", "Rwandan", "0", "CHUR", "0");
INSERT INTO peaples VALUES("253", "Ruvugiro", "Joseph", "1197880007953172", "0788454284", "5", "8", "104", "Gatunga", "Male", "Rwandan", "0", "CHUR", "1");
INSERT INTO peaples VALUES("254", "", "", "", "", "0", "0", "0", "", "", "Rwandan", "0", "CHUR", "0");
INSERT INTO peaples VALUES("255", "Nibizi", "Furaha", "1197470007039057", "0788837850", "5", "8", "102", "Kagugu", "Female", "Rwandan", "0", "CHUR", "1");
INSERT INTO peaples VALUES("256", "Mukarwigema", "Pascasie", "", "0788745225", "5", "8", "100", "Musezero", "Female", "Rwandan", "0", "CHUR", "1");
INSERT INTO peaples VALUES("257", "Kwizera ", "Josiane", "", "0785651372", "5", "8", "100", "Musezero", "Female", "Rwandan", "0", "CHUR", "1");
INSERT INTO peaples VALUES("258", "Madady", "Shadraque", "", "0789042359", "5", "8", "97", "Karuruma", "Male", "Rwandan", "0", "CHUR", "1");
INSERT INTO peaples VALUES("259", "Uwase ", "Solange", "1198870078245078", "0788775916", "5", "8", "102", "Kagugu", "Female", "Rwandan", "0", "CHUR", "1");
INSERT INTO peaples VALUES("260", "", "", "", "", "0", "0", "0", "", "", "Rwandan", "0", "CHUR", "0");
INSERT INTO peaples VALUES("261", "", "", "", "", "0", "0", "0", "", "", "Rwandan", "0", "CHUR", "0");
INSERT INTO peaples VALUES("262", "", "", "", "", "0", "0", "0", "", "", "Rwandan", "0", "CHUR", "0");
INSERT INTO peaples VALUES("263", "", "", "", "", "0", "0", "0", "", "", "Rwandan", "0", "CHUR", "0");
INSERT INTO peaples VALUES("264", "", "", "", "", "0", "0", "0", "", "", "Rwandan", "0", "CHUR", "0");
INSERT INTO peaples VALUES("265", "", "", "", "", "0", "0", "0", "", "", "Rwandan", "0", "CHUR", "0");
INSERT INTO peaples VALUES("266", "Muligo", "Alexi", "1195980000860097", "0788859727", "5", "10", "130", "Amahoro", "Male", "Rwandan", "0", "CHUR", "1");
INSERT INTO peaples VALUES("267", "", "", "", "", "0", "0", "0", "", "", "Rwandan", "0", "CHUR", "0");
INSERT INTO peaples VALUES("268", "", "", "", "", "0", "0", "0", "", "", "Rwandan", "0", "CHUR", "0");
INSERT INTO peaples VALUES("269", "Nyandwi", "Theodomir", "1196080000670134", "0783330700", "5", "10", "126", "  Kabeza", "Male", "Rwandan", "0", "CHUR", "1");
INSERT INTO peaples VALUES("270", "", "", "", "", "0", "0", "0", "", "", "Rwandan", "0", "CHUR", "0");
INSERT INTO peaples VALUES("271", "Mucyo", "Enock", "119988003554187", "0781786338", "5", "9", "112", "Gatenga", "Male", "Rwandan", "0", "CHUR", "1");
INSERT INTO peaples VALUES("272", "", "", "", "", "0", "0", "0", "", "", "Rwandan", "0", "CHUR", "0");
INSERT INTO peaples VALUES("273", "Balinda", "Pierre", "1199480072266283", "0788528536", "5", "8", "107", "Kacyiru", "Male", "Rwandan", "0", "CHUR", "1");
INSERT INTO peaples VALUES("274", "Niyongabo", "Elie", "1199880000147096", "0784940957", "5", "8", "97", "Nyamabuye", "Male", "Rwandan", "0", "CHUR", "1");
INSERT INTO peaples VALUES("275", "", "", "", "", "0", "0", "0", "", "", "Rwandan", "0", "CHUR", "0");
INSERT INTO peaples VALUES("276", "", "", "", "", "0", "0", "0", "", "", "Rwandan", "0", "CHUR", "0");
INSERT INTO peaples VALUES("277", "Uwingabire", "Dovine", "", "0782735933", "5", "9", "117", "Gikondo", "Female", "Rwandan", "0", "CHUR", "1");
INSERT INTO peaples VALUES("278", "Mukashema", "Claire", "1198070131827048", "0788883116", "5", "10", "124", "Kamuhoza", "Female", "Rwandan", "0", "CHUR", "1");
INSERT INTO peaples VALUES("279", "", "", "", "", "0", "0", "0", "", "", "Rwandan", "0", "CHUR", "0");
INSERT INTO peaples VALUES("280", "Dusabe", "Samuel", "1199880032292043", "0787693651", "5", "8", "107", "Kibaza", "Male", "Rwandan", "0", "CHUR", "1");
INSERT INTO peaples VALUES("281", "", "", "", "", "0", "0", "0", "", "", "Rwandan", "0", "CHUR", "0");
INSERT INTO peaples VALUES("282", "Rwigamba", "Balinda", "1194880000397034", "0788302348", "5", "8", "107", "Kamatamu", "Male", "Rwandan", "0", "CHUR", "1");
INSERT INTO peaples VALUES("283", "Musabimana", "Bonifride", "1197870010599071", "0787434852", "5", "8", "104", "Gasanze", "Female", "Rwandan", "0", "CHUR", "1");
INSERT INTO peaples VALUES("284", "", "", "", "", "0", "0", "0", "", "", "Rwandan", "0", "CHUR", "0");
INSERT INTO peaples VALUES("285", "", "", "", "", "0", "0", "0", "", "", "Rwandan", "0", "CHUR", "0");
INSERT INTO peaples VALUES("286", "", "", "", "", "0", "0", "0", "", "", "Rwandan", "0", "CHUR", "0");
INSERT INTO peaples VALUES("287", "", "", "", "", "0", "0", "0", "", "", "Rwandan", "0", "CHUR", "0");
INSERT INTO peaples VALUES("288", "Owen", "Barasa", "", "0780340761", "5", "8", "107", "Kagugu", "Male", "Rwandan", "0", "CHUR", "1");
INSERT INTO peaples VALUES("289", "", "", "", "", "0", "0", "0", "", "", "Rwandan", "0", "CHUR", "0");
INSERT INTO peaples VALUES("290", "Mukankundiye", "Clodine", "1198470010035066", "0725492313", "5", "8", "101", "Ngyigi", "Female", "Rwandan", "0", "CHUR", "1");
INSERT INTO peaples VALUES("291", "Nibizi", "Esther", "", "0785905774", "5", "10", "127", "Munanira", "Male", "Rwandan", "0", "CHUR", "1");
INSERT INTO peaples VALUES("292", "Umugwaneza", "Deliphine", "1199970166246077", "0780324186", "5", "8", "100", "Ruhango", "Female", "Rwandan", "0", "CHUR", "1");
INSERT INTO peaples VALUES("293", "", "", "", "", "0", "0", "0", "", "", "Rwandan", "0", "CHUR", "0");
INSERT INTO peaples VALUES("294", "Vedaste", "Mahoro", "11991801611850327", "0783411367", "5", "8", "108", "Kimihurura", "Male", "Rwandan", "0", "CHUR", "1");
INSERT INTO peaples VALUES("295", "", "", "", "", "0", "0", "0", "", "", "Rwandan", "0", "CHUR", "0");
INSERT INTO peaples VALUES("296", "Kamugisha", "Ezira", "1199880154972044", "0780564891", "5", "8", "107", "Kamutwa", "Male", "Rwandan", "0", "CHUR", "1");
INSERT INTO peaples VALUES("297", "", "", "", "", "0", "0", "0", "", "", "Rwandan", "0", "CHUR", "0");
INSERT INTO peaples VALUES("298", "Uwamahoro", "Zawadi", "1199870116849022", "078237281", "5", "8", "101", "Kamatamu", "Female", "Rwandan", "0", "CHUR", "1");
INSERT INTO peaples VALUES("299", "Mukakarisa ", "Marie Claire ", "1198370003590088", "0785561990", "5", "8", "107", "Kibaza", "Female", "Rwandan", "0", "CHUR", "1");
INSERT INTO peaples VALUES("300", "Muhima", "Rebeka", "1200070093430062", "0781007128", "5", "9", "113", "Kansege", "Female", "Rwandan", "0", "CHUR", "1");
INSERT INTO peaples VALUES("301", "", "", "", "", "0", "0", "0", "", "", "Rwandan", "0", "CHUR", "0");
INSERT INTO peaples VALUES("302", "", "", "", "", "0", "0", "0", "", "", "Rwandan", "0", "CHUR", "0");
INSERT INTO peaples VALUES("303", "Umutoni", "Violette", "", "0783576740", "5", "8", "101", "Kamatamu", "Female", "Rwandan", "0", "CHUR", "1");
INSERT INTO peaples VALUES("304", "", "", "", "", "0", "0", "0", "", "", "Rwandan", "0", "CHUR", "0");
INSERT INTO peaples VALUES("305", "", "", "", "", "0", "0", "0", "", "", "Rwandan", "0", "CHUR", "0");
INSERT INTO peaples VALUES("306", "Uwezo", "Rudakikwa", "", "0788771005", "5", "9", "117", "Bwenkori", "Male", "Rwandan", "0", "CHUR", "1");
INSERT INTO peaples VALUES("307", "Titus", "Thumbi", "", "0786315567", "5", "8", "102", "Kinyinya", "Male", "Rwandan", "0", "CHUR", "1");
INSERT INTO peaples VALUES("308", "Tumba", "Grace", "9191", "0783284208", "5", "9", "111", "Gahanga", "Female", "Rwandan", "0", "CHUR", "1");
INSERT INTO peaples VALUES("309", "", "", "", "", "0", "0", "0", "", "", "Rwandan", "0", "CHUR", "0");
INSERT INTO peaples VALUES("310", "", "", "", "", "0", "0", "0", "", "", "Rwandan", "0", "CHUR", "0");
INSERT INTO peaples VALUES("311", "Havugimana", "Simeon", "", "0785612905", "5", "8", "100", "Musezero", "Male", "Rwandan", "0", "CHUR", "1");
INSERT INTO peaples VALUES("312", "Uwimana", "Monic", "1196470004855117", "0785365265", "5", "8", "102", "Kagugu", "Female", "Rwandan", "0", "CHUR", "1");
INSERT INTO peaples VALUES("313", "Nkaka ", "Claude ", "1198650199557075", "0783222080", "4", "15", "219", "", "option2", "Rwandan", "0", "CHUR", "0");
INSERT INTO peaples VALUES("314", "Safari", "Justin", "1195880003793008", "0788826410", "5", "9", "114", "Nyarurama", "Male", "Rwandan", "0", "CHUR", "1");
INSERT INTO peaples VALUES("315", "Murasanyi", "Jeanclaude", "1199280087879045", "0788442390", "5", "8", "107", "Kibaza", "Male", "Rwandan", "0", "CHUR", "1");
INSERT INTO peaples VALUES("316", "", "", "", "", "0", "0", "0", "", "", "Rwandan", "0", "CHUR", "0");
INSERT INTO peaples VALUES("317", "", "", "", "", "0", "0", "0", "", "", "Rwandan", "0", "CHUR", "0");
INSERT INTO peaples VALUES("318", "Niyonzima ", "Moise", "1199680056755049", "0789951016", "5", "9", "112", "Gatenga", "Male", "Rwandan", "0", "CHUR", "1");
INSERT INTO peaples VALUES("319", "Niyonshuti", "Anne marie", "", "0788899919", "5", "8", "109", "Kibagabaga", "Female", "Rwandan", "0", "CHUR", "1");
INSERT INTO peaples VALUES("320", "Kampororo", "Ancila", "1197070002408032", "0783811005", "5", "8", "100", "Musezero", "Female", "Rwandan", "0", "CHUR", "1");
INSERT INTO peaples VALUES("321", "", "", "", "", "0", "0", "0", "", "", "Rwandan", "0", "CHUR", "0");
INSERT INTO peaples VALUES("322", "", "", "", "", "0", "0", "0", "", "", "Rwandan", "0", "CHUR", "0");
INSERT INTO peaples VALUES("323", "Nsengiyumva", "Nyiringango", "1196480003415027", "0788431341", "5", "8", "102", "Kagugu", "Male", "Rwandan", "0", "CHUR", "1");
INSERT INTO peaples VALUES("324", "", "", "", "", "0", "0", "0", "", "", "Rwandan", "0", "CHUR", "0");
INSERT INTO peaples VALUES("325", "", "", "", "", "0", "0", "0", "", "", "Rwandan", "0", "CHUR", "0");
INSERT INTO peaples VALUES("326", "", "", "", "", "0", "0", "0", "", "", "Rwandan", "0", "CHUR", "0");
INSERT INTO peaples VALUES("327", "", "", "", "", "0", "0", "0", "", "", "Rwandan", "0", "CHUR", "0");
INSERT INTO peaples VALUES("328", "Nyirahavugimana", "Madarina", "1196670024864004", "0785811866", "5", "9", "111", "Kagasa", "Female", "Rwandan", "0", "CHUR", "1");
INSERT INTO peaples VALUES("329", "", "", "", "", "0", "0", "0", "", "", "Rwandan", "0", "CHUR", "0");
INSERT INTO peaples VALUES("330", "Nkrunziza", "Emmanuel", "1199380102116042", "0786028389", "3", "20", "287", "Kingi", "Male", "Rwandan", "0", "CHUR", "1");
INSERT INTO peaples VALUES("331", "Nyirantezimana", "Marthe", "1196870032624075", "0784012512", "5", "9", "111", "Kagasa", "Male", "Rwandan", "0", "CHUR", "1");
INSERT INTO peaples VALUES("332", "", "", "", "", "0", "0", "0", "", "", "Rwandan", "0", "CHUR", "0");
INSERT INTO peaples VALUES("333", "Uguweneza", "Thamar", "119647005402064", "0780987198", "5", "9", "117", "Nyarurama", "Female", "Rwandan", "0", "CHUR", "1");
INSERT INTO peaples VALUES("334", "Bigirimana", "Patrick", "1199880019632019", "0786925377", "5", "8", "100", "Musezero", "Male", "Rwandan", "0", "CHUR", "1");
INSERT INTO peaples VALUES("335", "", "", "", "", "0", "0", "0", "", "", "Rwandan", "0", "CHUR", "0");
INSERT INTO peaples VALUES("336", "Ndayambaje ", "Jean claude", "119868003213518", "0785968537", "5", "8", "110", "", "", "Rwandan", "0", "CHUR", "0");
INSERT INTO peaples VALUES("337", "", "", "", "", "0", "0", "0", "", "", "Rwandan", "0", "CHUR", "0");
INSERT INTO peaples VALUES("338", "Dushimeyesu", "Esperance", "1199770087959059", "0780515626", "5", "8", "102", "Kagugu", "Male", "Rwandan", "0", "CHUR", "1");
INSERT INTO peaples VALUES("339", "", "", "", "", "0", "0", "0", "", "", "Rwandan", "0", "CHUR", "0");
INSERT INTO peaples VALUES("340", "", "", "", "", "0", "0", "0", "", "", "Rwandan", "0", "CHUR", "0");
INSERT INTO peaples VALUES("341", "", "", "", "", "0", "0", "0", "", "", "Rwandan", "0", "CHUR", "0");
INSERT INTO peaples VALUES("342", "", "", "", "", "0", "0", "0", "", "", "Rwandan", "0", "CHUR", "0");
INSERT INTO peaples VALUES("343", "", "", "", "", "0", "0", "0", "", "", "Rwandan", "0", "CHUR", "0");
INSERT INTO peaples VALUES("344", "", "", "", "", "0", "0", "0", "", "", "Rwandan", "0", "CHUR", "0");
INSERT INTO peaples VALUES("345", "", "", "", "", "0", "0", "0", "", "", "Rwandan", "0", "CHUR", "0");
INSERT INTO peaples VALUES("346", "", "", "", "", "0", "0", "0", "", "", "Rwandan", "0", "CHUR", "0");
INSERT INTO peaples VALUES("347", "", "", "", "", "0", "0", "0", "", "", "Rwandan", "0", "CHUR", "0");
INSERT INTO peaples VALUES("348", "Twizeyimana", "Claude", "1198480015059034", "0785002425", "5", "8", "98", "Gateko", "Male", "Rwandan", "0", "CHUR", "1");
INSERT INTO peaples VALUES("349", "Uzabakiriho", "Japhet", "119680003480003", "0785076931", "5", "8", "104", "Gasanze", "Male", "Rwandan", "0", "CHUR", "1");
INSERT INTO peaples VALUES("350", "", "", "", "", "0", "0", "0", "", "", "Rwandan", "0", "CHUR", "0");
INSERT INTO peaples VALUES("351", "", "", "", "", "0", "0", "0", "", "", "Rwandan", "0", "CHUR", "0");
INSERT INTO peaples VALUES("352", "Pole", "Nom", "1265646", "0788888888", "5", "0", "0", "", "", "Rwandan", "0", "CHUR", "0");
INSERT INTO peaples VALUES("353", "", "", "", "", "0", "0", "0", "", "", "Rwandan", "0", "CHUR", "0");
INSERT INTO peaples VALUES("354", "", "", "", "", "0", "0", "0", "", "", "Rwandan", "0", "CHUR", "0");
INSERT INTO peaples VALUES("355", "Kabagema", "Aime", "1199880099919047", "0786391580", "5", "8", "100", "Musezero", "Male", "Rwandan", "0", "CHUR", "1");
INSERT INTO peaples VALUES("356", "", "", "", "", "0", "0", "0", "", "", "Rwandan", "0", "CHUR", "0");
INSERT INTO peaples VALUES("357", "", "", "", "", "0", "0", "0", "", "", "Rwandan", "0", "CHUR", "0");
INSERT INTO peaples VALUES("358", "", "", "", "", "0", "0", "0", "", "", "Rwandan", "0", "CHUR", "0");
INSERT INTO peaples VALUES("359", "", "", "", "", "0", "0", "0", "", "", "Rwandan", "0", "CHUR", "0");
INSERT INTO peaples VALUES("360", "", "", "", "", "0", "0", "0", "", "", "Rwandan", "0", "CHUR", "0");
INSERT INTO peaples VALUES("361", "", "", "", "", "0", "0", "0", "", "", "Rwandan", "0", "CHUR", "0");
INSERT INTO peaples VALUES("362", "Mukarwego", "Speciose", "1197270004591074", "0788412991", "5", "10", "127", "Munanira1", "Female", "Rwandan", "0", "CHUR", "1");
INSERT INTO peaples VALUES("363", "", "", "", "", "0", "0", "0", "", "", "Rwandan", "0", "CHUR", "0");
INSERT INTO peaples VALUES("364", "", "", "", "", "0", "0", "0", "", "", "Rwandan", "0", "CHUR", "0");
INSERT INTO peaples VALUES("365", "Nzirabatinya", "Jean claude", "1196680000771094", "0725332673", "5", "10", "125", "Nyarurenzi", "Male", "Rwandan", "0", "CHUR", "1");
INSERT INTO peaples VALUES("366", "", "", "", "", "0", "0", "0", "", "", "Rwandan", "0", "CHUR", "0");
INSERT INTO peaples VALUES("367", "Cyiza", "Daniel", "1199480164657133", "0784063941", "5", "9", "120", "Kabaya", "Male", "Rwandan", "0", "CHUR", "1");
INSERT INTO peaples VALUES("368", "Manege", "Ben", "119680003908111", "0788461487", "5", "8", "107", "Kibaza", "Male", "Rwandan", "0", "CHUR", "1");
INSERT INTO peaples VALUES("369", "", "", "", "", "0", "0", "0", "", "", "Rwandan", "0", "CHUR", "0");
INSERT INTO peaples VALUES("370", "Tubirive", "Betty Joy", "1199870069412026", "0789237715", "5", "8", "104", "Gasanze", "Female", "Rwandan", "0", "CHUR", "1");
INSERT INTO peaples VALUES("371", "Mukampunga", "Lose", "1196170042371013", "0782972469", "5", "8", "97", "Nyamabuye", "Male", "Rwandan", "0", "CHUR", "1");
INSERT INTO peaples VALUES("372", "", "", "", "", "0", "0", "0", "", "", "Rwandan", "0", "CHUR", "0");
INSERT INTO peaples VALUES("373", "Bizumuremyi", "Felicien", "119880058851064", "0789659299", "5", "8", "100", "Musezero", "Male", "Rwandan", "0", "CHUR", "1");
INSERT INTO peaples VALUES("374", "", "", "", "", "0", "0", "0", "", "", "Rwandan", "0", "CHUR", "0");
INSERT INTO peaples VALUES("375", "", "", "", "", "0", "0", "0", "", "", "Rwandan", "0", "CHUR", "0");
INSERT INTO peaples VALUES("376", "Charles", "Omanyo", "", "0781833731", "5", "8", "102", "Kagugu", "Male", "Rwandan", "0", "CHUR", "1");
INSERT INTO peaples VALUES("377", "", "", "", "", "0", "0", "0", "", "", "Rwandan", "0", "CHUR", "0");
INSERT INTO peaples VALUES("378", "Musabyimana", "Adeline", "1197770006796028", "0782590502", "5", "8", "107", "Kibaza", "Female", "Rwandan", "0", "CHUR", "1");
INSERT INTO peaples VALUES("379", "Shema", "Emanuel", "1198780204101075", "0781082136", "5", "8", "100", "Musezero", "Male", "Rwandan", "0", "CHUR", "1");
INSERT INTO peaples VALUES("380", "Nishimwe", "Gisele", "1199078188673213", "0784826184", "5", "9", "115", "Rubirizi", "Female", "Rwandan", "0", "CHUR", "1");
INSERT INTO peaples VALUES("381", "", "", "", "", "0", "0", "0", "", "", "Rwandan", "0", "CHUR", "0");
INSERT INTO peaples VALUES("382", "", "", "", "", "0", "0", "0", "", "", "Rwandan", "0", "CHUR", "0");
INSERT INTO peaples VALUES("383", "Inkundwakazi", "Ester", "", "0788528791", "5", "8", "107", "Kibaza", "Female", "Rwandan", "0", "CHUR", "1");
INSERT INTO peaples VALUES("384", "", "", "", "", "0", "0", "0", "", "", "Rwandan", "0", "CHUR", "0");
INSERT INTO peaples VALUES("385", "", "", "", "", "0", "0", "0", "", "", "Rwandan", "0", "CHUR", "0");
INSERT INTO peaples VALUES("386", "", "", "", "", "0", "0", "0", "", "", "Rwandan", "0", "CHUR", "0");
INSERT INTO peaples VALUES("387", "", "", "", "", "0", "0", "0", "", "", "Rwandan", "0", "CHUR", "0");
INSERT INTO peaples VALUES("388", "", "", "", "", "0", "0", "0", "", "", "Rwandan", "0", "CHUR", "0");
INSERT INTO peaples VALUES("389", "", "", "", "", "0", "0", "0", "", "", "Rwandan", "0", "CHUR", "0");
INSERT INTO peaples VALUES("390", "", "", "", "", "0", "0", "0", "", "", "Rwandan", "0", "CHUR", "0");
INSERT INTO peaples VALUES("391", "", "", "", "", "0", "0", "0", "", "", "Rwandan", "0", "CHUR", "0");
INSERT INTO peaples VALUES("392", "", "", "", "", "0", "0", "0", "", "", "Rwandan", "0", "CHUR", "0");
INSERT INTO peaples VALUES("393", "", "", "", "", "0", "0", "0", "", "", "Rwandan", "0", "CHUR", "0");
INSERT INTO peaples VALUES("394", "", "", "", "", "0", "0", "0", "", "", "Rwandan", "0", "CHUR", "0");
INSERT INTO peaples VALUES("395", "", "", "", "", "0", "0", "0", "", "", "Rwandan", "0", "CHUR", "0");
INSERT INTO peaples VALUES("396", "", "", "", "", "0", "0", "0", "", "", "Rwandan", "0", "CHUR", "0");
INSERT INTO peaples VALUES("397", "", "", "", "", "0", "0", "0", "", "", "Rwandan", "0", "CHUR", "0");
INSERT INTO peaples VALUES("398", "", "", "", "", "0", "0", "0", "", "", "Rwandan", "0", "CHUR", "0");
INSERT INTO peaples VALUES("399", "", "", "", "", "0", "0", "0", "", "", "Rwandan", "0", "CHUR", "0");
INSERT INTO peaples VALUES("400", "", "", "", "", "0", "0", "0", "", "", "Rwandan", "0", "CHUR", "0");
INSERT INTO peaples VALUES("401", "", "", "", "", "0", "0", "0", "", "", "Rwandan", "0", "CHUR", "0");
INSERT INTO peaples VALUES("402", "", "", "", "", "0", "0", "0", "", "", "Rwandan", "0", "CHUR", "0");
INSERT INTO peaples VALUES("403", "", "", "", "", "0", "0", "0", "", "", "Rwandan", "0", "CHUR", "0");
INSERT INTO peaples VALUES("404", "", "", "", "", "0", "0", "0", "", "", "Rwandan", "0", "CHUR", "0");
INSERT INTO peaples VALUES("405", "", "", "", "", "0", "0", "0", "", "", "Rwandan", "0", "CHUR", "0");
INSERT INTO peaples VALUES("406", "", "", "", "", "0", "0", "0", "", "", "Rwandan", "0", "CHUR", "0");
INSERT INTO peaples VALUES("407", "", "", "", "", "0", "0", "0", "", "", "Rwandan", "0", "CHUR", "0");
INSERT INTO peaples VALUES("408", "", "", "", "", "0", "0", "0", "", "", "Rwandan", "0", "CHUR", "0");
INSERT INTO peaples VALUES("409", "", "", "", "", "0", "0", "0", "", "", "Rwandan", "0", "CHUR", "0");
INSERT INTO peaples VALUES("410", "", "", "", "", "0", "0", "0", "", "", "Rwandan", "0", "CHUR", "0");
INSERT INTO peaples VALUES("411", "", "", "", "", "0", "0", "0", "", "", "Rwandan", "0", "CHUR", "0");
INSERT INTO peaples VALUES("412", "", "", "", "", "0", "0", "0", "", "", "Rwandan", "0", "CHUR", "0");
INSERT INTO peaples VALUES("413", "", "", "", "", "0", "0", "0", "", "", "Rwandan", "0", "CHUR", "0");
INSERT INTO peaples VALUES("414", "", "", "", "", "0", "0", "0", "", "", "Rwandan", "0", "CHUR", "0");
INSERT INTO peaples VALUES("415", "", "", "", "", "0", "0", "0", "", "", "Rwandan", "0", "CHUR", "0");
INSERT INTO peaples VALUES("416", "", "", "", "", "0", "0", "0", "", "", "Rwandan", "0", "CHUR", "0");
INSERT INTO peaples VALUES("417", "", "", "", "", "0", "0", "0", "", "", "Rwandan", "0", "CHUR", "0");
INSERT INTO peaples VALUES("418", "", "", "", "", "0", "0", "0", "", "", "Rwandan", "0", "CHUR", "0");
INSERT INTO peaples VALUES("419", "", "", "", "", "0", "0", "0", "", "", "Rwandan", "0", "CHUR", "0");
INSERT INTO peaples VALUES("420", "", "", "", "", "0", "0", "0", "", "", "Rwandan", "0", "CHUR", "0");
INSERT INTO peaples VALUES("421", "", "", "", "", "0", "0", "0", "", "", "Rwandan", "0", "CHUR", "0");
INSERT INTO peaples VALUES("422", "", "", "", "", "0", "0", "0", "", "", "Rwandan", "0", "CHUR", "0");
INSERT INTO peaples VALUES("423", "", "", "", "", "0", "0", "0", "", "", "Rwandan", "0", "CHUR", "0");
INSERT INTO peaples VALUES("424", "", "", "", "", "0", "0", "0", "", "", "Rwandan", "0", "CHUR", "0");
INSERT INTO peaples VALUES("425", "", "", "", "", "0", "0", "0", "", "", "Rwandan", "0", "CHUR", "0");
INSERT INTO peaples VALUES("426", "", "", "", "", "0", "0", "0", "", "", "Rwandan", "0", "CHUR", "0");
INSERT INTO peaples VALUES("427", "", "", "", "", "0", "0", "0", "", "", "Rwandan", "0", "CHUR", "0");
INSERT INTO peaples VALUES("428", "", "", "", "", "0", "0", "0", "", "", "Rwandan", "0", "CHUR", "0");
INSERT INTO peaples VALUES("429", "", "", "", "", "0", "0", "0", "", "", "Rwandan", "0", "CHUR", "0");
INSERT INTO peaples VALUES("430", "", "", "", "", "0", "0", "0", "", "", "Rwandan", "0", "CHUR", "0");
INSERT INTO peaples VALUES("431", "", "", "", "", "0", "0", "0", "", "", "Rwandan", "0", "CHUR", "0");
INSERT INTO peaples VALUES("432", "", "", "", "", "0", "0", "0", "", "", "Rwandan", "0", "CHUR", "0");
INSERT INTO peaples VALUES("433", "", "", "", "", "0", "0", "0", "", "", "Rwandan", "0", "CHUR", "0");
INSERT INTO peaples VALUES("434", "", "", "", "", "0", "0", "0", "", "", "Rwandan", "0", "CHUR", "0");
INSERT INTO peaples VALUES("435", "", "", "", "", "0", "0", "0", "", "", "Rwandan", "0", "CHUR", "0");
INSERT INTO peaples VALUES("436", "", "", "", "", "0", "0", "0", "", "", "Rwandan", "0", "CHUR", "0");
INSERT INTO peaples VALUES("437", "", "", "", "", "0", "0", "0", "", "", "Rwandan", "0", "CHUR", "0");
INSERT INTO peaples VALUES("438", "", "", "", "", "0", "0", "0", "", "", "Rwandan", "0", "CHUR", "0");
INSERT INTO peaples VALUES("439", "", "", "", "", "0", "0", "0", "", "", "Rwandan", "0", "CHUR", "0");
INSERT INTO peaples VALUES("440", "", "", "", "", "0", "0", "0", "", "", "Rwandan", "0", "CHUR", "0");
INSERT INTO peaples VALUES("441", "", "", "", "", "0", "0", "0", "", "", "Rwandan", "0", "CHUR", "0");
INSERT INTO peaples VALUES("442", "", "", "", "", "0", "0", "0", "", "", "Rwandan", "0", "CHUR", "0");
INSERT INTO peaples VALUES("443", "", "", "", "", "0", "0", "0", "", "", "Rwandan", "0", "CHUR", "0");
INSERT INTO peaples VALUES("444", "", "", "", "", "0", "0", "0", "", "", "Rwandan", "0", "CHUR", "0");
INSERT INTO peaples VALUES("445", "", "", "", "", "0", "0", "0", "", "", "Rwandan", "0", "CHUR", "0");
INSERT INTO peaples VALUES("446", "", "", "", "", "0", "0", "0", "", "", "Rwandan", "0", "CHUR", "0");
INSERT INTO peaples VALUES("447", "", "", "", "", "0", "0", "0", "", "", "Rwandan", "0", "CHUR", "0");
INSERT INTO peaples VALUES("448", "", "", "", "", "0", "0", "0", "", "", "Rwandan", "0", "CHUR", "0");
INSERT INTO peaples VALUES("449", "", "", "", "", "0", "0", "0", "", "", "Rwandan", "0", "CHUR", "0");
INSERT INTO peaples VALUES("450", "", "", "", "", "0", "0", "0", "", "", "Rwandan", "0", "CHUR", "0");
INSERT INTO peaples VALUES("451", "", "", "", "", "0", "0", "0", "", "", "Rwandan", "0", "CHUR", "0");
INSERT INTO peaples VALUES("452", "", "", "", "", "0", "0", "0", "", "", "Rwandan", "0", "CHUR", "0");
INSERT INTO peaples VALUES("453", "", "", "", "", "0", "0", "0", "", "", "Rwandan", "0", "CHUR", "0");
INSERT INTO peaples VALUES("454", "", "", "", "", "0", "0", "0", "", "", "Rwandan", "0", "CHUR", "0");
INSERT INTO peaples VALUES("455", "", "", "", "", "0", "0", "0", "", "", "Rwandan", "0", "CHUR", "0");
INSERT INTO peaples VALUES("456", "", "", "", "", "0", "0", "0", "", "", "Rwandan", "0", "CHUR", "0");
INSERT INTO peaples VALUES("457", "", "", "", "", "0", "0", "0", "", "", "Rwandan", "0", "CHUR", "0");
INSERT INTO peaples VALUES("458", "", "", "", "", "0", "0", "0", "", "", "Rwandan", "0", "CHUR", "0");
INSERT INTO peaples VALUES("459", "", "", "", "", "0", "0", "0", "", "", "Rwandan", "0", "CHUR", "0");
INSERT INTO peaples VALUES("460", "", "", "", "", "0", "0", "0", "", "", "Rwandan", "0", "CHUR", "0");
INSERT INTO peaples VALUES("461", "", "", "", "", "0", "0", "0", "", "", "Rwandan", "0", "CHUR", "0");
INSERT INTO peaples VALUES("462", "", "", "", "", "0", "0", "0", "", "", "Rwandan", "0", "CHUR", "0");
INSERT INTO peaples VALUES("463", "", "", "", "", "0", "0", "0", "", "", "Rwandan", "0", "CHUR", "0");
INSERT INTO peaples VALUES("464", "", "", "", "", "0", "0", "0", "", "", "Rwandan", "0", "CHUR", "0");
INSERT INTO peaples VALUES("465", "", "", "", "", "0", "0", "0", "", "", "Rwandan", "0", "CHUR", "0");
INSERT INTO peaples VALUES("466", "", "", "", "", "0", "0", "0", "", "", "Rwandan", "0", "CHUR", "0");
INSERT INTO peaples VALUES("467", "", "", "", "", "0", "0", "0", "", "", "Rwandan", "0", "CHUR", "0");
INSERT INTO peaples VALUES("468", "", "", "", "", "0", "0", "0", "", "", "Rwandan", "0", "CHUR", "0");
INSERT INTO peaples VALUES("469", "", "", "", "", "0", "0", "0", "", "", "Rwandan", "0", "CHUR", "0");
INSERT INTO peaples VALUES("470", "", "", "", "", "0", "0", "0", "", "", "Rwandan", "0", "CHUR", "0");
INSERT INTO peaples VALUES("471", "", "", "", "", "0", "0", "0", "", "", "Rwandan", "0", "CHUR", "0");
INSERT INTO peaples VALUES("472", "", "", "", "", "0", "0", "0", "", "", "Rwandan", "0", "CHUR", "0");
INSERT INTO peaples VALUES("473", "", "", "", "", "0", "0", "0", "", "", "Rwandan", "0", "CHUR", "0");
INSERT INTO peaples VALUES("474", "", "", "", "", "0", "0", "0", "", "", "Rwandan", "0", "CHUR", "0");
INSERT INTO peaples VALUES("475", "", "", "", "", "0", "0", "0", "", "", "Rwandan", "0", "CHUR", "0");
INSERT INTO peaples VALUES("476", "", "", "", "", "0", "0", "0", "", "", "Rwandan", "0", "CHUR", "0");
INSERT INTO peaples VALUES("477", "", "", "", "", "0", "0", "0", "", "", "Rwandan", "0", "CHUR", "0");
INSERT INTO peaples VALUES("478", "", "", "", "", "0", "0", "0", "", "", "Rwandan", "0", "CHUR", "0");
INSERT INTO peaples VALUES("479", "", "", "", "", "0", "0", "0", "", "", "Rwandan", "0", "CHUR", "0");
INSERT INTO peaples VALUES("480", "", "", "", "", "0", "0", "0", "", "", "Rwandan", "0", "CHUR", "0");
INSERT INTO peaples VALUES("481", "", "", "", "", "0", "0", "0", "", "", "Rwandan", "0", "CHUR", "0");
INSERT INTO peaples VALUES("482", "", "", "", "", "0", "0", "0", "", "", "Rwandan", "0", "CHUR", "0");
INSERT INTO peaples VALUES("483", "", "", "", "", "0", "0", "0", "", "", "Rwandan", "0", "CHUR", "0");
INSERT INTO peaples VALUES("484", "", "", "", "", "0", "0", "0", "", "", "Rwandan", "0", "CHUR", "0");
INSERT INTO peaples VALUES("485", "", "", "", "", "0", "0", "0", "", "", "Rwandan", "0", "CHUR", "0");
INSERT INTO peaples VALUES("486", "", "", "", "", "0", "0", "0", "", "", "Rwandan", "0", "CHUR", "0");
INSERT INTO peaples VALUES("487", "", "", "", "", "0", "0", "0", "", "", "Rwandan", "0", "CHUR", "0");
INSERT INTO peaples VALUES("488", "", "", "", "", "0", "0", "0", "", "", "Rwandan", "0", "CHUR", "0");
INSERT INTO peaples VALUES("489", "", "", "", "", "0", "0", "0", "", "", "Rwandan", "0", "CHUR", "0");
INSERT INTO peaples VALUES("490", "", "", "", "", "0", "0", "0", "", "", "Rwandan", "0", "CHUR", "0");
INSERT INTO peaples VALUES("491", "", "", "", "", "0", "0", "0", "", "", "Rwandan", "0", "CHUR", "0");
INSERT INTO peaples VALUES("492", "", "", "", "", "0", "0", "0", "", "", "Rwandan", "0", "CHUR", "0");
INSERT INTO peaples VALUES("493", "", "", "", "", "0", "0", "0", "", "", "Rwandan", "0", "CHUR", "0");
INSERT INTO peaples VALUES("494", "", "", "", "", "0", "0", "0", "", "", "Rwandan", "0", "CHUR", "0");
INSERT INTO peaples VALUES("495", "", "", "", "", "0", "0", "0", "", "", "Rwandan", "0", "CHUR", "0");
INSERT INTO peaples VALUES("496", "", "", "", "", "0", "0", "0", "", "", "Rwandan", "0", "CHUR", "0");
INSERT INTO peaples VALUES("497", "", "", "", "", "0", "0", "0", "", "", "Rwandan", "0", "CHUR", "0");
INSERT INTO peaples VALUES("498", "", "", "", "", "0", "0", "0", "", "", "Rwandan", "0", "CHUR", "0");
INSERT INTO peaples VALUES("499", "", "", "", "", "0", "0", "0", "", "", "Rwandan", "0", "CHUR", "0");
INSERT INTO peaples VALUES("500", "", "", "", "", "0", "0", "0", "", "", "Rwandan", "0", "CHUR", "0");
INSERT INTO peaples VALUES("501", "", "", "", "", "0", "0", "0", "", "", "Rwandan", "0", "CHUR", "0");
INSERT INTO peaples VALUES("502", "", "", "", "", "0", "0", "0", "", "", "Rwandan", "0", "CHUR", "0");
INSERT INTO peaples VALUES("503", "", "", "", "", "0", "0", "0", "", "", "Rwandan", "0", "CHUR", "0");
INSERT INTO peaples VALUES("504", "", "", "", "", "0", "0", "0", "", "", "Rwandan", "0", "CHUR", "0");
INSERT INTO peaples VALUES("505", "", "", "", "", "0", "0", "0", "", "", "Rwandan", "0", "CHUR", "0");
INSERT INTO peaples VALUES("506", "", "", "", "", "0", "0", "0", "", "", "Rwandan", "0", "CHUR", "0");
INSERT INTO peaples VALUES("507", "", "", "", "", "0", "0", "0", "", "", "Rwandan", "0", "CHUR", "0");
INSERT INTO peaples VALUES("508", "", "", "", "", "0", "0", "0", "", "", "Rwandan", "0", "CHUR", "0");
INSERT INTO peaples VALUES("509", "", "", "", "", "0", "0", "0", "", "", "Rwandan", "0", "CHUR", "0");
INSERT INTO peaples VALUES("510", "", "", "", "", "0", "0", "0", "", "", "Rwandan", "0", "CHUR", "0");
INSERT INTO peaples VALUES("511", "", "", "", "", "0", "0", "0", "", "", "Rwandan", "0", "CHUR", "0");
INSERT INTO peaples VALUES("512", "", "", "", "", "0", "0", "0", "", "", "Rwandan", "0", "CHUR", "0");
INSERT INTO peaples VALUES("513", "", "", "", "", "0", "0", "0", "", "", "Rwandan", "0", "CHUR", "0");
INSERT INTO peaples VALUES("514", "", "", "", "", "0", "0", "0", "", "", "Rwandan", "0", "CHUR", "0");
INSERT INTO peaples VALUES("515", "", "", "", "", "0", "0", "0", "", "", "Rwandan", "0", "CHUR", "0");
INSERT INTO peaples VALUES("516", "", "", "", "", "0", "0", "0", "", "", "Rwandan", "0", "CHUR", "0");
INSERT INTO peaples VALUES("517", "", "", "", "", "0", "0", "0", "", "", "Rwandan", "0", "CHUR", "0");
INSERT INTO peaples VALUES("518", "", "", "", "", "0", "0", "0", "", "", "Rwandan", "0", "CHUR", "0");
INSERT INTO peaples VALUES("519", "", "", "", "", "0", "0", "0", "", "", "Rwandan", "0", "CHUR", "0");
INSERT INTO peaples VALUES("520", "", "", "", "", "0", "0", "0", "", "", "Rwandan", "0", "CHUR", "0");
INSERT INTO peaples VALUES("521", "", "", "", "", "0", "0", "0", "", "", "Rwandan", "0", "CHUR", "0");
INSERT INTO peaples VALUES("522", "", "", "", "", "0", "0", "0", "", "", "Rwandan", "0", "CHUR", "0");
INSERT INTO peaples VALUES("523", "", "", "", "", "0", "0", "0", "", "", "Rwandan", "0", "CHUR", "0");
INSERT INTO peaples VALUES("524", "", "", "", "", "0", "0", "0", "", "", "Rwandan", "0", "CHUR", "0");
INSERT INTO peaples VALUES("525", "", "", "", "", "0", "0", "0", "", "", "Rwandan", "0", "CHUR", "0");
INSERT INTO peaples VALUES("526", "", "", "", "", "0", "0", "0", "", "", "Rwandan", "0", "CHUR", "0");
INSERT INTO peaples VALUES("527", "", "", "", "", "0", "0", "0", "", "", "Rwandan", "0", "CHUR", "0");
INSERT INTO peaples VALUES("528", "", "", "", "", "0", "0", "0", "", "", "Rwandan", "0", "CHUR", "0");
INSERT INTO peaples VALUES("529", "", "", "", "", "0", "0", "0", "", "", "Rwandan", "0", "CHUR", "0");
INSERT INTO peaples VALUES("530", "", "", "", "", "0", "0", "0", "", "", "Rwandan", "0", "CHUR", "0");
INSERT INTO peaples VALUES("531", "", "", "", "", "0", "0", "0", "", "", "Rwandan", "0", "CHUR", "0");
INSERT INTO peaples VALUES("532", "", "", "", "", "0", "0", "0", "", "", "Rwandan", "0", "CHUR", "0");
INSERT INTO peaples VALUES("533", "", "", "", "", "0", "0", "0", "", "", "Rwandan", "0", "CHUR", "0");
INSERT INTO peaples VALUES("534", "", "", "", "", "0", "0", "0", "", "", "Rwandan", "0", "CHUR", "0");
INSERT INTO peaples VALUES("535", "", "", "", "", "0", "0", "0", "", "", "Rwandan", "0", "CHUR", "0");
INSERT INTO peaples VALUES("536", "", "", "", "", "0", "0", "0", "", "", "Rwandan", "0", "CHUR", "0");
INSERT INTO peaples VALUES("537", "", "", "", "", "0", "0", "0", "", "", "Rwandan", "0", "CHUR", "0");
INSERT INTO peaples VALUES("538", "", "", "", "", "0", "0", "0", "", "", "Rwandan", "0", "CHUR", "0");
INSERT INTO peaples VALUES("539", "", "", "", "", "0", "0", "0", "", "", "Rwandan", "0", "CHUR", "0");
INSERT INTO peaples VALUES("540", "", "", "", "", "0", "0", "0", "", "", "Rwandan", "0", "CHUR", "0");
INSERT INTO peaples VALUES("541", "", "", "", "", "0", "0", "0", "", "", "Rwandan", "0", "CHUR", "0");
INSERT INTO peaples VALUES("542", "", "", "", "", "0", "0", "0", "", "", "Rwandan", "0", "CHUR", "0");
INSERT INTO peaples VALUES("543", "", "", "", "", "0", "0", "0", "", "", "Rwandan", "0", "CHUR", "0");
INSERT INTO peaples VALUES("544", "", "", "", "", "0", "0", "0", "", "", "Rwandan", "0", "CHUR", "0");
INSERT INTO peaples VALUES("545", "", "", "", "", "0", "0", "0", "", "", "Rwandan", "0", "CHUR", "0");
INSERT INTO peaples VALUES("546", "", "", "", "", "0", "0", "0", "", "", "Rwandan", "0", "CHUR", "0");
INSERT INTO peaples VALUES("547", "", "", "", "", "0", "0", "0", "", "", "Rwandan", "0", "CHUR", "0");
INSERT INTO peaples VALUES("548", "", "", "", "", "0", "0", "0", "", "", "Rwandan", "0", "CHUR", "0");
INSERT INTO peaples VALUES("549", "", "", "", "", "0", "0", "0", "", "", "Rwandan", "0", "CHUR", "0");
INSERT INTO peaples VALUES("550", "", "", "", "", "0", "0", "0", "", "", "Rwandan", "0", "CHUR", "0");
INSERT INTO peaples VALUES("551", "", "", "", "", "0", "0", "0", "", "", "Rwandan", "0", "CHUR", "0");
INSERT INTO peaples VALUES("552", "", "", "", "", "0", "0", "0", "", "", "Rwandan", "0", "CHUR", "0");
INSERT INTO peaples VALUES("553", "", "", "", "", "0", "0", "0", "", "", "Rwandan", "0", "CHUR", "0");
INSERT INTO peaples VALUES("554", "", "", "", "", "0", "0", "0", "", "", "Rwandan", "0", "CHUR", "0");
INSERT INTO peaples VALUES("555", "", "", "", "", "0", "0", "0", "", "", "Rwandan", "0", "CHUR", "0");
INSERT INTO peaples VALUES("556", "", "", "", "", "0", "0", "0", "", "", "Rwandan", "0", "CHUR", "0");
INSERT INTO peaples VALUES("557", "", "", "", "", "0", "0", "0", "", "", "Rwandan", "0", "CHUR", "0");
INSERT INTO peaples VALUES("558", "", "", "", "", "0", "0", "0", "", "", "Rwandan", "0", "CHUR", "0");
INSERT INTO peaples VALUES("559", "", "", "", "", "0", "0", "0", "", "", "Rwandan", "0", "CHUR", "0");
INSERT INTO peaples VALUES("560", "", "", "", "", "0", "0", "0", "", "", "Rwandan", "0", "CHUR", "0");
INSERT INTO peaples VALUES("561", "", "", "", "", "0", "0", "0", "", "", "Rwandan", "0", "CHUR", "0");
INSERT INTO peaples VALUES("562", "", "", "", "", "0", "0", "0", "", "", "Rwandan", "0", "CHUR", "0");
INSERT INTO peaples VALUES("563", "", "", "", "", "0", "0", "0", "", "", "Rwandan", "0", "CHUR", "0");
INSERT INTO peaples VALUES("564", "", "", "", "", "0", "0", "0", "", "", "Rwandan", "0", "CHUR", "0");
INSERT INTO peaples VALUES("565", "", "", "", "", "0", "0", "0", "", "", "Rwandan", "0", "CHUR", "0");
INSERT INTO peaples VALUES("566", "", "", "", "", "0", "0", "0", "", "", "Rwandan", "0", "CHUR", "0");
INSERT INTO peaples VALUES("567", "", "", "", "", "0", "0", "0", "", "", "Rwandan", "0", "CHUR", "0");
INSERT INTO peaples VALUES("568", "", "", "", "", "0", "0", "0", "", "", "Rwandan", "0", "CHUR", "0");
INSERT INTO peaples VALUES("569", "", "", "", "", "0", "0", "0", "", "", "Rwandan", "0", "CHUR", "0");
INSERT INTO peaples VALUES("570", "", "", "", "", "0", "0", "0", "", "", "Rwandan", "0", "CHUR", "0");
INSERT INTO peaples VALUES("571", "", "", "", "", "0", "0", "0", "", "", "Rwandan", "0", "CHUR", "0");
INSERT INTO peaples VALUES("572", "", "", "", "", "0", "0", "0", "", "", "Rwandan", "0", "CHUR", "0");
INSERT INTO peaples VALUES("573", "", "", "", "", "0", "0", "0", "", "", "Rwandan", "0", "CHUR", "0");
INSERT INTO peaples VALUES("574", "", "", "", "", "0", "0", "0", "", "", "Rwandan", "0", "CHUR", "0");
INSERT INTO peaples VALUES("575", "", "", "", "", "0", "0", "0", "", "", "Rwandan", "0", "CHUR", "0");
INSERT INTO peaples VALUES("576", "", "", "", "", "0", "0", "0", "", "", "Rwandan", "0", "CHUR", "0");
INSERT INTO peaples VALUES("577", "", "", "", "", "0", "0", "0", "", "", "Rwandan", "0", "CHUR", "0");
INSERT INTO peaples VALUES("578", "", "", "", "", "0", "0", "0", "", "", "Rwandan", "0", "CHUR", "0");
INSERT INTO peaples VALUES("579", "", "", "", "", "0", "0", "0", "", "", "Rwandan", "0", "CHUR", "0");
INSERT INTO peaples VALUES("580", "", "", "", "", "0", "0", "0", "", "", "Rwandan", "0", "CHUR", "0");
INSERT INTO peaples VALUES("581", "", "", "", "", "0", "0", "0", "", "", "Rwandan", "0", "CHUR", "0");
INSERT INTO peaples VALUES("582", "", "", "", "", "0", "0", "0", "", "", "Rwandan", "0", "CHUR", "0");
INSERT INTO peaples VALUES("583", "", "", "", "", "0", "0", "0", "", "", "Rwandan", "0", "CHUR", "0");
INSERT INTO peaples VALUES("584", "", "", "", "", "0", "0", "0", "", "", "Rwandan", "0", "CHUR", "0");
INSERT INTO peaples VALUES("585", "", "", "", "", "0", "0", "0", "", "", "Rwandan", "0", "CHUR", "0");
INSERT INTO peaples VALUES("586", "", "", "", "", "0", "0", "0", "", "", "Rwandan", "0", "CHUR", "0");
INSERT INTO peaples VALUES("587", "", "", "", "", "0", "0", "0", "", "", "Rwandan", "0", "CHUR", "0");
INSERT INTO peaples VALUES("588", "", "", "", "", "0", "0", "0", "", "", "Rwandan", "0", "CHUR", "0");
INSERT INTO peaples VALUES("589", "", "", "", "", "0", "0", "0", "", "", "Rwandan", "0", "CHUR", "0");
INSERT INTO peaples VALUES("590", "", "", "", "", "0", "0", "0", "", "", "Rwandan", "0", "CHUR", "0");
INSERT INTO peaples VALUES("591", "", "", "", "", "0", "0", "0", "", "", "Rwandan", "0", "CHUR", "0");
INSERT INTO peaples VALUES("592", "", "", "", "", "0", "0", "0", "", "", "Rwandan", "0", "CHUR", "0");
INSERT INTO peaples VALUES("593", "", "", "", "", "0", "0", "0", "", "", "Rwandan", "0", "CHUR", "0");
INSERT INTO peaples VALUES("594", "", "", "", "", "0", "0", "0", "", "", "Rwandan", "0", "CHUR", "0");
INSERT INTO peaples VALUES("595", "", "", "", "", "0", "0", "0", "", "", "Rwandan", "0", "CHUR", "0");
INSERT INTO peaples VALUES("596", "", "", "", "", "0", "0", "0", "", "", "Rwandan", "0", "CHUR", "0");
INSERT INTO peaples VALUES("597", "", "", "", "", "0", "0", "0", "", "", "Rwandan", "0", "CHUR", "0");
INSERT INTO peaples VALUES("598", "", "", "", "", "0", "0", "0", "", "", "Rwandan", "0", "CHUR", "0");
INSERT INTO peaples VALUES("599", "", "", "", "", "0", "0", "0", "", "", "Rwandan", "0", "CHUR", "0");
INSERT INTO peaples VALUES("600", "", "", "", "", "0", "0", "0", "", "", "Rwandan", "0", "CHUR", "0");
INSERT INTO peaples VALUES("601", "", "", "", "", "0", "0", "0", "", "", "Rwandan", "0", "CHUR", "0");
INSERT INTO peaples VALUES("602", "", "", "", "", "0", "0", "0", "", "", "Rwandan", "0", "CHUR", "0");
INSERT INTO peaples VALUES("603", "", "", "", "", "0", "0", "0", "", "", "Rwandan", "0", "CHUR", "0");
INSERT INTO peaples VALUES("604", "", "", "", "", "0", "0", "0", "", "", "Rwandan", "0", "CHUR", "0");
INSERT INTO peaples VALUES("605", "", "", "", "", "0", "0", "0", "", "", "Rwandan", "0", "CHUR", "0");
INSERT INTO peaples VALUES("606", "", "", "", "", "0", "0", "0", "", "", "Rwandan", "0", "CHUR", "0");
INSERT INTO peaples VALUES("607", "", "", "", "", "0", "0", "0", "", "", "Rwandan", "0", "CHUR", "0");
INSERT INTO peaples VALUES("608", "", "", "", "", "0", "0", "0", "", "", "Rwandan", "0", "CHUR", "0");
INSERT INTO peaples VALUES("609", "", "", "", "", "0", "0", "0", "", "", "Rwandan", "0", "CHUR", "0");
INSERT INTO peaples VALUES("610", "", "", "", "", "0", "0", "0", "", "", "Rwandan", "0", "CHUR", "0");
INSERT INTO peaples VALUES("611", "", "", "", "", "0", "0", "0", "", "", "Rwandan", "0", "CHUR", "0");
INSERT INTO peaples VALUES("612", "", "", "", "", "0", "0", "0", "", "", "Rwandan", "0", "CHUR", "0");
INSERT INTO peaples VALUES("613", "", "", "", "", "0", "0", "0", "", "", "Rwandan", "0", "CHUR", "0");
INSERT INTO peaples VALUES("614", "", "", "", "", "0", "0", "0", "", "", "Rwandan", "0", "CHUR", "0");
INSERT INTO peaples VALUES("615", "", "", "", "", "0", "0", "0", "", "", "Rwandan", "0", "CHUR", "0");
INSERT INTO peaples VALUES("616", "", "", "", "", "0", "0", "0", "", "", "Rwandan", "0", "CHUR", "0");
INSERT INTO peaples VALUES("617", "", "", "", "", "0", "0", "0", "", "", "Rwandan", "0", "CHUR", "0");
INSERT INTO peaples VALUES("618", "", "", "", "", "0", "0", "0", "", "", "Rwandan", "0", "CHUR", "0");
INSERT INTO peaples VALUES("619", "", "", "", "", "0", "0", "0", "", "", "Rwandan", "0", "CHUR", "0");
INSERT INTO peaples VALUES("620", "", "", "", "", "0", "0", "0", "", "", "Rwandan", "0", "CHUR", "0");
INSERT INTO peaples VALUES("621", "", "", "", "", "0", "0", "0", "", "", "Rwandan", "0", "CHUR", "0");
INSERT INTO peaples VALUES("622", "", "", "", "", "0", "0", "0", "", "", "Rwandan", "0", "CHUR", "0");
INSERT INTO peaples VALUES("623", "", "", "", "", "0", "0", "0", "", "", "Rwandan", "0", "CHUR", "0");
INSERT INTO peaples VALUES("624", "", "", "", "", "0", "0", "0", "", "", "Rwandan", "0", "CHUR", "0");
INSERT INTO peaples VALUES("625", "", "", "", "", "0", "0", "0", "", "", "Rwandan", "0", "CHUR", "0");
INSERT INTO peaples VALUES("626", "", "", "", "", "0", "0", "0", "", "", "Rwandan", "0", "CHUR", "0");
INSERT INTO peaples VALUES("627", "", "", "", "", "0", "0", "0", "", "", "Rwandan", "0", "CHUR", "0");
INSERT INTO peaples VALUES("628", "", "", "", "", "0", "0", "0", "", "", "Rwandan", "0", "CHUR", "0");
INSERT INTO peaples VALUES("629", "", "", "", "", "0", "0", "0", "", "", "Rwandan", "0", "CHUR", "0");
INSERT INTO peaples VALUES("630", "", "", "", "", "0", "0", "0", "", "", "Rwandan", "0", "CHUR", "0");
INSERT INTO peaples VALUES("631", "", "", "", "", "0", "0", "0", "", "", "Rwandan", "0", "CHUR", "0");
INSERT INTO peaples VALUES("632", "", "", "", "", "0", "0", "0", "", "", "Rwandan", "0", "CHUR", "0");
INSERT INTO peaples VALUES("633", "", "", "", "", "0", "0", "0", "", "", "Rwandan", "0", "CHUR", "0");
INSERT INTO peaples VALUES("634", "", "", "", "", "0", "0", "0", "", "", "Rwandan", "0", "CHUR", "0");
INSERT INTO peaples VALUES("635", "", "", "", "", "0", "0", "0", "", "", "Rwandan", "0", "CHUR", "0");
INSERT INTO peaples VALUES("636", "", "", "", "", "0", "0", "0", "", "", "Rwandan", "0", "CHUR", "0");
INSERT INTO peaples VALUES("637", "", "", "", "", "0", "0", "0", "", "", "Rwandan", "0", "CHUR", "0");
INSERT INTO peaples VALUES("638", "", "", "", "", "0", "0", "0", "", "", "Rwandan", "0", "CHUR", "0");
INSERT INTO peaples VALUES("639", "", "", "", "", "0", "0", "0", "", "", "Rwandan", "0", "CHUR", "0");
INSERT INTO peaples VALUES("640", "", "", "", "", "0", "0", "0", "", "", "Rwandan", "0", "CHUR", "0");
INSERT INTO peaples VALUES("641", "", "", "", "", "0", "0", "0", "", "", "Rwandan", "0", "CHUR", "0");
INSERT INTO peaples VALUES("642", "", "", "", "", "0", "0", "0", "", "", "Rwandan", "0", "CHUR", "0");
INSERT INTO peaples VALUES("643", "", "", "", "", "0", "0", "0", "", "", "Rwandan", "0", "CHUR", "0");
INSERT INTO peaples VALUES("644", "", "", "", "", "0", "0", "0", "", "", "Rwandan", "0", "CHUR", "0");
INSERT INTO peaples VALUES("645", "", "", "", "", "0", "0", "0", "", "", "Rwandan", "0", "CHUR", "0");
INSERT INTO peaples VALUES("646", "", "", "", "", "0", "0", "0", "", "", "Rwandan", "0", "CHUR", "0");
INSERT INTO peaples VALUES("647", "", "", "", "", "0", "0", "0", "", "", "Rwandan", "0", "CHUR", "0");
INSERT INTO peaples VALUES("648", "", "", "", "", "0", "0", "0", "", "", "Rwandan", "0", "CHUR", "0");
INSERT INTO peaples VALUES("649", "", "", "", "", "0", "0", "0", "", "", "Rwandan", "0", "CHUR", "0");
INSERT INTO peaples VALUES("650", "", "", "", "", "0", "0", "0", "", "", "Rwandan", "0", "CHUR", "0");
INSERT INTO peaples VALUES("651", "", "", "", "", "0", "0", "0", "", "", "Rwandan", "0", "CHUR", "0");
INSERT INTO peaples VALUES("652", "", "", "", "", "0", "0", "0", "", "", "Rwandan", "0", "CHUR", "0");
INSERT INTO peaples VALUES("653", "", "", "", "", "0", "0", "0", "", "", "Rwandan", "0", "CHUR", "0");
INSERT INTO peaples VALUES("654", "", "", "", "", "0", "0", "0", "", "", "Rwandan", "0", "CHUR", "0");
INSERT INTO peaples VALUES("655", "", "", "", "", "0", "0", "0", "", "", "Rwandan", "0", "CHUR", "0");
INSERT INTO peaples VALUES("656", "", "", "", "", "0", "0", "0", "", "", "Rwandan", "0", "CHUR", "0");
INSERT INTO peaples VALUES("657", "", "", "", "", "0", "0", "0", "", "", "Rwandan", "0", "CHUR", "0");
INSERT INTO peaples VALUES("658", "", "", "", "", "0", "0", "0", "", "", "Rwandan", "0", "CHUR", "0");
INSERT INTO peaples VALUES("659", "", "", "", "", "0", "0", "0", "", "", "Rwandan", "0", "CHUR", "0");
INSERT INTO peaples VALUES("660", "", "", "", "", "0", "0", "0", "", "", "Rwandan", "0", "CHUR", "0");
INSERT INTO peaples VALUES("661", "", "", "", "", "0", "0", "0", "", "", "Rwandan", "0", "CHUR", "0");
INSERT INTO peaples VALUES("662", "", "", "", "", "0", "0", "0", "", "", "Rwandan", "0", "CHUR", "0");
INSERT INTO peaples VALUES("663", "", "", "", "", "0", "0", "0", "", "", "Rwandan", "0", "CHUR", "0");
INSERT INTO peaples VALUES("664", "", "", "", "", "0", "0", "0", "", "", "Rwandan", "0", "CHUR", "0");
INSERT INTO peaples VALUES("665", "", "", "", "", "0", "0", "0", "", "", "Rwandan", "0", "CHUR", "0");
INSERT INTO peaples VALUES("666", "", "", "", "", "0", "0", "0", "", "", "Rwandan", "0", "CHUR", "0");
INSERT INTO peaples VALUES("667", "", "", "", "", "0", "0", "0", "", "", "Rwandan", "0", "CHUR", "0");
INSERT INTO peaples VALUES("668", "", "", "", "", "0", "0", "0", "", "", "Rwandan", "0", "CHUR", "0");
INSERT INTO peaples VALUES("669", "", "", "", "", "0", "0", "0", "", "", "Rwandan", "0", "CHUR", "0");
INSERT INTO peaples VALUES("670", "", "", "", "", "0", "0", "0", "", "", "Rwandan", "0", "CHUR", "0");
INSERT INTO peaples VALUES("671", "", "", "", "", "0", "0", "0", "", "", "Rwandan", "0", "CHUR", "0");
INSERT INTO peaples VALUES("672", "", "", "", "", "0", "0", "0", "", "", "Rwandan", "0", "CHUR", "0");
INSERT INTO peaples VALUES("673", "", "", "", "", "0", "0", "0", "", "", "Rwandan", "0", "CHUR", "0");
INSERT INTO peaples VALUES("674", "", "", "", "", "0", "0", "0", "", "", "Rwandan", "0", "CHUR", "0");
INSERT INTO peaples VALUES("675", "", "", "", "", "0", "0", "0", "", "", "Rwandan", "0", "CHUR", "0");
INSERT INTO peaples VALUES("676", "", "", "", "", "0", "0", "0", "", "", "Rwandan", "0", "CHUR", "0");
INSERT INTO peaples VALUES("677", "", "", "", "", "0", "0", "0", "", "", "Rwandan", "0", "CHUR", "0");
INSERT INTO peaples VALUES("678", "", "", "", "", "0", "0", "0", "", "", "Rwandan", "0", "CHUR", "0");
INSERT INTO peaples VALUES("679", "", "", "", "", "0", "0", "0", "", "", "Rwandan", "0", "CHUR", "0");
INSERT INTO peaples VALUES("680", "", "", "", "", "0", "0", "0", "", "", "Rwandan", "0", "CHUR", "0");
INSERT INTO peaples VALUES("681", "", "", "", "", "0", "0", "0", "", "", "Rwandan", "0", "CHUR", "0");
INSERT INTO peaples VALUES("682", "", "", "", "", "0", "0", "0", "", "", "Rwandan", "0", "CHUR", "0");
INSERT INTO peaples VALUES("683", "", "", "", "", "0", "0", "0", "", "", "Rwandan", "0", "CHUR", "0");
INSERT INTO peaples VALUES("684", "", "", "", "", "0", "0", "0", "", "", "Rwandan", "0", "CHUR", "0");
INSERT INTO peaples VALUES("685", "", "", "", "", "0", "0", "0", "", "", "Rwandan", "0", "CHUR", "0");
INSERT INTO peaples VALUES("686", "", "", "", "", "0", "0", "0", "", "", "Rwandan", "0", "CHUR", "0");
INSERT INTO peaples VALUES("687", "", "", "", "", "0", "0", "0", "", "", "Rwandan", "0", "CHUR", "0");
INSERT INTO peaples VALUES("688", "", "", "", "", "0", "0", "0", "", "", "Rwandan", "0", "CHUR", "0");
INSERT INTO peaples VALUES("689", "", "", "", "", "0", "0", "0", "", "", "Rwandan", "0", "CHUR", "0");
INSERT INTO peaples VALUES("690", "", "", "", "", "0", "0", "0", "", "", "Rwandan", "0", "CHUR", "0");
INSERT INTO peaples VALUES("691", "", "", "", "", "0", "0", "0", "", "", "Rwandan", "0", "CHUR", "0");
INSERT INTO peaples VALUES("692", "", "", "", "", "0", "0", "0", "", "", "Rwandan", "0", "CHUR", "0");
INSERT INTO peaples VALUES("693", "", "", "", "", "0", "0", "0", "", "", "Rwandan", "0", "CHUR", "0");
INSERT INTO peaples VALUES("694", "", "", "", "", "0", "0", "0", "", "", "Rwandan", "0", "CHUR", "0");
INSERT INTO peaples VALUES("695", "", "", "", "", "0", "0", "0", "", "", "Rwandan", "0", "CHUR", "0");
INSERT INTO peaples VALUES("696", "", "", "", "", "0", "0", "0", "", "", "Rwandan", "0", "CHUR", "0");
INSERT INTO peaples VALUES("697", "", "", "", "", "0", "0", "0", "", "", "Rwandan", "0", "CHUR", "0");
INSERT INTO peaples VALUES("698", "", "", "", "", "0", "0", "0", "", "", "Rwandan", "0", "CHUR", "0");
INSERT INTO peaples VALUES("699", "", "", "", "", "0", "0", "0", "", "", "Rwandan", "0", "CHUR", "0");
INSERT INTO peaples VALUES("700", "", "", "", "", "0", "0", "0", "", "", "Rwandan", "0", "CHUR", "0");
INSERT INTO peaples VALUES("701", "", "", "", "", "0", "0", "0", "", "", "Rwandan", "0", "CHUR", "0");
INSERT INTO peaples VALUES("702", "", "", "", "", "0", "0", "0", "", "", "Rwandan", "0", "CHUR", "0");
INSERT INTO peaples VALUES("703", "", "", "", "", "0", "0", "0", "", "", "Rwandan", "0", "CHUR", "0");
INSERT INTO peaples VALUES("704", "", "", "", "", "0", "0", "0", "", "", "Rwandan", "0", "CHUR", "0");
INSERT INTO peaples VALUES("705", "", "", "", "", "0", "0", "0", "", "", "Rwandan", "0", "CHUR", "0");
INSERT INTO peaples VALUES("706", "", "", "", "", "0", "0", "0", "", "", "Rwandan", "0", "CHUR", "0");
INSERT INTO peaples VALUES("707", "", "", "", "", "0", "0", "0", "", "", "Rwandan", "0", "CHUR", "0");
INSERT INTO peaples VALUES("708", "", "", "", "", "0", "0", "0", "", "", "Rwandan", "0", "CHUR", "0");
INSERT INTO peaples VALUES("709", "", "", "", "", "0", "0", "0", "", "", "Rwandan", "0", "CHUR", "0");
INSERT INTO peaples VALUES("710", "", "", "", "", "0", "0", "0", "", "", "Rwandan", "0", "CHUR", "0");
INSERT INTO peaples VALUES("711", "", "", "", "", "0", "0", "0", "", "", "Rwandan", "0", "CHUR", "0");
INSERT INTO peaples VALUES("712", "", "", "", "", "0", "0", "0", "", "", "Rwandan", "0", "CHUR", "0");
INSERT INTO peaples VALUES("713", "", "", "", "", "0", "0", "0", "", "", "Rwandan", "0", "CHUR", "0");
INSERT INTO peaples VALUES("714", "", "", "", "", "0", "0", "0", "", "", "Rwandan", "0", "CHUR", "0");
INSERT INTO peaples VALUES("715", "", "", "", "", "0", "0", "0", "", "", "Rwandan", "0", "CHUR", "0");
INSERT INTO peaples VALUES("716", "", "", "", "", "0", "0", "0", "", "", "Rwandan", "0", "CHUR", "0");
INSERT INTO peaples VALUES("717", "", "", "", "", "0", "0", "0", "", "", "Rwandan", "0", "CHUR", "0");
INSERT INTO peaples VALUES("718", "", "", "", "", "0", "0", "0", "", "", "Rwandan", "0", "CHUR", "0");
INSERT INTO peaples VALUES("719", "", "", "", "", "0", "0", "0", "", "", "Rwandan", "0", "CHUR", "0");
INSERT INTO peaples VALUES("720", "", "", "", "", "0", "0", "0", "", "", "Rwandan", "0", "CHUR", "0");
INSERT INTO peaples VALUES("721", "", "", "", "", "0", "0", "0", "", "", "Rwandan", "0", "CHUR", "0");
INSERT INTO peaples VALUES("722", "", "", "", "", "0", "0", "0", "", "", "Rwandan", "0", "CHUR", "0");
INSERT INTO peaples VALUES("723", "", "", "", "", "0", "0", "0", "", "", "Rwandan", "0", "CHUR", "0");
INSERT INTO peaples VALUES("724", "", "", "", "", "0", "0", "0", "", "", "Rwandan", "0", "CHUR", "0");
INSERT INTO peaples VALUES("725", "", "", "", "", "0", "0", "0", "", "", "Rwandan", "0", "CHUR", "0");
INSERT INTO peaples VALUES("726", "", "", "", "", "0", "0", "0", "", "", "Rwandan", "0", "CHUR", "0");
INSERT INTO peaples VALUES("727", "", "", "", "", "0", "0", "0", "", "", "Rwandan", "0", "CHUR", "0");
INSERT INTO peaples VALUES("728", "", "", "", "", "0", "0", "0", "", "", "Rwandan", "0", "CHUR", "0");
INSERT INTO peaples VALUES("729", "", "", "", "", "0", "0", "0", "", "", "Rwandan", "0", "CHUR", "0");
INSERT INTO peaples VALUES("730", "", "", "", "", "0", "0", "0", "", "", "Rwandan", "0", "CHUR", "0");
INSERT INTO peaples VALUES("731", "", "", "", "", "0", "0", "0", "", "", "Rwandan", "0", "CHUR", "0");
INSERT INTO peaples VALUES("732", "", "", "", "", "0", "0", "0", "", "", "Rwandan", "0", "CHUR", "0");
INSERT INTO peaples VALUES("733", "", "", "", "", "0", "0", "0", "", "", "Rwandan", "0", "CHUR", "0");
INSERT INTO peaples VALUES("734", "", "", "", "", "0", "0", "0", "", "", "Rwandan", "0", "CHUR", "0");
INSERT INTO peaples VALUES("735", "", "", "", "", "0", "0", "0", "", "", "Rwandan", "0", "CHUR", "0");
INSERT INTO peaples VALUES("736", "", "", "", "", "0", "0", "0", "", "", "Rwandan", "0", "CHUR", "0");
INSERT INTO peaples VALUES("737", "", "", "", "", "0", "0", "0", "", "", "Rwandan", "0", "CHUR", "0");
INSERT INTO peaples VALUES("738", "", "", "", "", "0", "0", "0", "", "", "Rwandan", "0", "CHUR", "0");
INSERT INTO peaples VALUES("739", "", "", "", "", "0", "0", "0", "", "", "Rwandan", "0", "CHUR", "0");
INSERT INTO peaples VALUES("740", "", "", "", "", "0", "0", "0", "", "", "Rwandan", "0", "CHUR", "0");
INSERT INTO peaples VALUES("741", "", "", "", "", "0", "0", "0", "", "", "Rwandan", "0", "CHUR", "0");
INSERT INTO peaples VALUES("742", "", "", "", "", "0", "0", "0", "", "", "Rwandan", "0", "CHUR", "0");
INSERT INTO peaples VALUES("743", "", "", "", "", "0", "0", "0", "", "", "Rwandan", "0", "CHUR", "0");
INSERT INTO peaples VALUES("744", "", "", "", "", "0", "0", "0", "", "", "Rwandan", "0", "CHUR", "0");
INSERT INTO peaples VALUES("745", "", "", "", "", "0", "0", "0", "", "", "Rwandan", "0", "CHUR", "0");
INSERT INTO peaples VALUES("746", "", "", "", "", "0", "0", "0", "", "", "Rwandan", "0", "CHUR", "0");
INSERT INTO peaples VALUES("747", "", "", "", "", "0", "0", "0", "", "", "Rwandan", "0", "CHUR", "0");
INSERT INTO peaples VALUES("748", "", "", "", "", "0", "0", "0", "", "", "Rwandan", "0", "CHUR", "0");
INSERT INTO peaples VALUES("749", "", "", "", "", "0", "0", "0", "", "", "Rwandan", "0", "CHUR", "0");
INSERT INTO peaples VALUES("750", "", "", "", "", "0", "0", "0", "", "", "Rwandan", "0", "CHUR", "0");
INSERT INTO peaples VALUES("751", "", "", "", "", "0", "0", "0", "", "", "Rwandan", "0", "CHUR", "0");
INSERT INTO peaples VALUES("752", "", "", "", "", "0", "0", "0", "", "", "Rwandan", "0", "CHUR", "0");
INSERT INTO peaples VALUES("753", "", "", "", "", "0", "0", "0", "", "", "Rwandan", "0", "CHUR", "0");
INSERT INTO peaples VALUES("754", "", "", "", "", "0", "0", "0", "", "", "Rwandan", "0", "CHUR", "0");
INSERT INTO peaples VALUES("755", "", "", "", "", "0", "0", "0", "", "", "Rwandan", "0", "CHUR", "0");
INSERT INTO peaples VALUES("756", "", "", "", "", "0", "0", "0", "", "", "Rwandan", "0", "CHUR", "0");
INSERT INTO peaples VALUES("757", "", "", "", "", "0", "0", "0", "", "", "Rwandan", "0", "CHUR", "0");
INSERT INTO peaples VALUES("758", "", "", "", "", "0", "0", "0", "", "", "Rwandan", "0", "CHUR", "0");
INSERT INTO peaples VALUES("759", "", "", "", "", "0", "0", "0", "", "", "Rwandan", "0", "CHUR", "0");
INSERT INTO peaples VALUES("760", "", "", "", "", "0", "0", "0", "", "", "Rwandan", "0", "CHUR", "0");
INSERT INTO peaples VALUES("761", "", "", "", "", "0", "0", "0", "", "", "Rwandan", "0", "CHUR", "0");
INSERT INTO peaples VALUES("762", "", "", "", "", "0", "0", "0", "", "", "Rwandan", "0", "CHUR", "0");
INSERT INTO peaples VALUES("763", "", "", "", "", "0", "0", "0", "", "", "Rwandan", "0", "CHUR", "0");
INSERT INTO peaples VALUES("764", "", "", "", "", "0", "0", "0", "", "", "Rwandan", "0", "CHUR", "0");
INSERT INTO peaples VALUES("765", "", "", "", "", "0", "0", "0", "", "", "Rwandan", "0", "CHUR", "0");
INSERT INTO peaples VALUES("766", "", "", "", "", "0", "0", "0", "", "", "Rwandan", "0", "CHUR", "0");
INSERT INTO peaples VALUES("767", "", "", "", "", "0", "0", "0", "", "", "Rwandan", "0", "CHUR", "0");
INSERT INTO peaples VALUES("768", "", "", "", "", "0", "0", "0", "", "", "Rwandan", "0", "CHUR", "0");
INSERT INTO peaples VALUES("769", "", "", "", "", "0", "0", "0", "", "", "Rwandan", "0", "CHUR", "0");
INSERT INTO peaples VALUES("770", "", "", "", "", "0", "0", "0", "", "", "Rwandan", "0", "CHUR", "0");
INSERT INTO peaples VALUES("771", "", "", "", "", "0", "0", "0", "", "", "Rwandan", "0", "CHUR", "0");
INSERT INTO peaples VALUES("772", "", "", "", "", "0", "0", "0", "", "", "Rwandan", "0", "CHUR", "0");
INSERT INTO peaples VALUES("773", "", "", "", "", "0", "0", "0", "", "", "Rwandan", "0", "CHUR", "0");
INSERT INTO peaples VALUES("774", "", "", "", "", "0", "0", "0", "", "", "Rwandan", "0", "CHUR", "0");
INSERT INTO peaples VALUES("775", "", "", "", "", "0", "0", "0", "", "", "Rwandan", "0", "CHUR", "0");
INSERT INTO peaples VALUES("776", "", "", "", "", "0", "0", "0", "", "", "Rwandan", "0", "CHUR", "0");
INSERT INTO peaples VALUES("777", "", "", "", "", "0", "0", "0", "", "", "Rwandan", "0", "CHUR", "0");
INSERT INTO peaples VALUES("778", "", "", "", "", "0", "0", "0", "", "", "Rwandan", "0", "CHUR", "0");
INSERT INTO peaples VALUES("779", "", "", "", "", "0", "0", "0", "", "", "Rwandan", "0", "CHUR", "0");
INSERT INTO peaples VALUES("780", "", "", "", "", "0", "0", "0", "", "", "Rwandan", "0", "CHUR", "0");
INSERT INTO peaples VALUES("781", "", "", "", "", "0", "0", "0", "", "", "Rwandan", "0", "CHUR", "0");
INSERT INTO peaples VALUES("782", "", "", "", "", "0", "0", "0", "", "", "Rwandan", "0", "CHUR", "0");
INSERT INTO peaples VALUES("783", "", "", "", "", "0", "0", "0", "", "", "Rwandan", "0", "CHUR", "0");
INSERT INTO peaples VALUES("784", "", "", "", "", "0", "0", "0", "", "", "Rwandan", "0", "CHUR", "0");
INSERT INTO peaples VALUES("785", "", "", "", "", "0", "0", "0", "", "", "Rwandan", "0", "CHUR", "0");
INSERT INTO peaples VALUES("786", "", "", "", "", "0", "0", "0", "", "", "Rwandan", "0", "CHUR", "0");
INSERT INTO peaples VALUES("787", "", "", "", "", "0", "0", "0", "", "", "Rwandan", "0", "CHUR", "0");
INSERT INTO peaples VALUES("788", "", "", "", "", "0", "0", "0", "", "", "Rwandan", "0", "CHUR", "0");
INSERT INTO peaples VALUES("789", "", "", "", "", "0", "0", "0", "", "", "Rwandan", "0", "CHUR", "0");
INSERT INTO peaples VALUES("790", "", "", "", "", "0", "0", "0", "", "", "Rwandan", "0", "CHUR", "0");
INSERT INTO peaples VALUES("791", "", "", "", "", "0", "0", "0", "", "", "Rwandan", "0", "CHUR", "0");
INSERT INTO peaples VALUES("792", "", "", "", "", "0", "0", "0", "", "", "Rwandan", "0", "CHUR", "0");
INSERT INTO peaples VALUES("793", "", "", "", "", "0", "0", "0", "", "", "Rwandan", "0", "CHUR", "0");
INSERT INTO peaples VALUES("794", "", "", "", "", "0", "0", "0", "", "", "Rwandan", "0", "CHUR", "0");
INSERT INTO peaples VALUES("795", "", "", "", "", "0", "0", "0", "", "", "Rwandan", "0", "CHUR", "0");
INSERT INTO peaples VALUES("796", "", "", "", "", "0", "0", "0", "", "", "Rwandan", "0", "CHUR", "0");
INSERT INTO peaples VALUES("797", "", "", "", "", "0", "0", "0", "", "", "Rwandan", "0", "CHUR", "0");
INSERT INTO peaples VALUES("798", "", "", "", "", "0", "0", "0", "", "", "Rwandan", "0", "CHUR", "0");
INSERT INTO peaples VALUES("799", "", "", "", "", "0", "0", "0", "", "", "Rwandan", "0", "CHUR", "0");
INSERT INTO peaples VALUES("800", "", "", "", "", "0", "0", "0", "", "", "Rwandan", "0", "CHUR", "0");
INSERT INTO peaples VALUES("801", "", "", "", "", "0", "0", "0", "", "", "Rwandan", "0", "CHUR", "0");
INSERT INTO peaples VALUES("802", "", "", "", "", "0", "0", "0", "", "", "Rwandan", "0", "CHUR", "0");
INSERT INTO peaples VALUES("803", "", "", "", "", "0", "0", "0", "", "", "Rwandan", "0", "CHUR", "0");
INSERT INTO peaples VALUES("804", "", "", "", "", "0", "0", "0", "", "", "Rwandan", "0", "CHUR", "0");
INSERT INTO peaples VALUES("805", "", "", "", "", "0", "0", "0", "", "", "Rwandan", "0", "CHUR", "0");
INSERT INTO peaples VALUES("806", "", "", "", "", "0", "0", "0", "", "", "Rwandan", "0", "CHUR", "0");
INSERT INTO peaples VALUES("807", "", "", "", "", "0", "0", "0", "", "", "Rwandan", "0", "CHUR", "0");
INSERT INTO peaples VALUES("808", "", "", "", "", "0", "0", "0", "", "", "Rwandan", "0", "CHUR", "0");
INSERT INTO peaples VALUES("809", "", "", "", "", "0", "0", "0", "", "", "Rwandan", "0", "CHUR", "0");
INSERT INTO peaples VALUES("810", "", "", "", "", "0", "0", "0", "", "", "Rwandan", "0", "CHUR", "0");
INSERT INTO peaples VALUES("811", "", "", "", "", "0", "0", "0", "", "", "Rwandan", "0", "CHUR", "0");
INSERT INTO peaples VALUES("812", "", "", "", "", "0", "0", "0", "", "", "Rwandan", "0", "CHUR", "0");
INSERT INTO peaples VALUES("813", "", "", "", "", "0", "0", "0", "", "", "Rwandan", "0", "CHUR", "0");
INSERT INTO peaples VALUES("814", "", "", "", "", "0", "0", "0", "", "", "Rwandan", "0", "CHUR", "0");
INSERT INTO peaples VALUES("815", "", "", "", "", "0", "0", "0", "", "", "Rwandan", "0", "CHUR", "0");
INSERT INTO peaples VALUES("816", "", "", "", "", "0", "0", "0", "", "", "Rwandan", "0", "CHUR", "0");
INSERT INTO peaples VALUES("817", "", "", "", "", "0", "0", "0", "", "", "Rwandan", "0", "CHUR", "0");
INSERT INTO peaples VALUES("818", "", "", "", "", "0", "0", "0", "", "", "Rwandan", "0", "CHUR", "0");
INSERT INTO peaples VALUES("819", "", "", "", "", "0", "0", "0", "", "", "Rwandan", "0", "CHUR", "0");
INSERT INTO peaples VALUES("820", "", "", "", "", "0", "0", "0", "", "", "Rwandan", "0", "CHUR", "0");
INSERT INTO peaples VALUES("821", "", "", "", "", "0", "0", "0", "", "", "Rwandan", "0", "CHUR", "0");
INSERT INTO peaples VALUES("822", "", "", "", "", "0", "0", "0", "", "", "Rwandan", "0", "CHUR", "0");
INSERT INTO peaples VALUES("823", "", "", "", "", "0", "0", "0", "", "", "Rwandan", "0", "CHUR", "0");
INSERT INTO peaples VALUES("824", "", "", "", "", "0", "0", "0", "", "", "Rwandan", "0", "CHUR", "0");
INSERT INTO peaples VALUES("825", "", "", "", "", "0", "0", "0", "", "", "Rwandan", "0", "CHUR", "0");
INSERT INTO peaples VALUES("826", "", "", "", "", "0", "0", "0", "", "", "Rwandan", "0", "CHUR", "0");
INSERT INTO peaples VALUES("827", "", "", "", "", "0", "0", "0", "", "", "Rwandan", "0", "CHUR", "0");
INSERT INTO peaples VALUES("828", "", "", "", "", "0", "0", "0", "", "", "Rwandan", "0", "CHUR", "0");
INSERT INTO peaples VALUES("829", "", "", "", "", "0", "0", "0", "", "", "Rwandan", "0", "CHUR", "0");
INSERT INTO peaples VALUES("830", "", "", "", "", "0", "0", "0", "", "", "Rwandan", "0", "CHUR", "0");
INSERT INTO peaples VALUES("831", "", "", "", "", "0", "0", "0", "", "", "Rwandan", "0", "CHUR", "0");
INSERT INTO peaples VALUES("832", "", "", "", "", "0", "0", "0", "", "", "Rwandan", "0", "CHUR", "0");
INSERT INTO peaples VALUES("833", "", "", "", "", "0", "0", "0", "", "", "Rwandan", "0", "CHUR", "0");
INSERT INTO peaples VALUES("834", "", "", "", "", "0", "0", "0", "", "", "Rwandan", "0", "CHUR", "0");
INSERT INTO peaples VALUES("835", "", "", "", "", "0", "0", "0", "", "", "Rwandan", "0", "CHUR", "0");
INSERT INTO peaples VALUES("836", "", "", "", "", "0", "0", "0", "", "", "Rwandan", "0", "CHUR", "0");
INSERT INTO peaples VALUES("837", "", "", "", "", "0", "0", "0", "", "", "Rwandan", "0", "CHUR", "0");
INSERT INTO peaples VALUES("838", "", "", "", "", "0", "0", "0", "", "", "Rwandan", "0", "CHUR", "0");
INSERT INTO peaples VALUES("839", "", "", "", "", "0", "0", "0", "", "", "Rwandan", "0", "CHUR", "0");
INSERT INTO peaples VALUES("840", "", "", "", "", "0", "0", "0", "", "", "Rwandan", "0", "CHUR", "0");
INSERT INTO peaples VALUES("841", "", "", "", "", "0", "0", "0", "", "", "Rwandan", "0", "CHUR", "0");
INSERT INTO peaples VALUES("842", "", "", "", "", "0", "0", "0", "", "", "Rwandan", "0", "CHUR", "0");
INSERT INTO peaples VALUES("843", "", "", "", "", "0", "0", "0", "", "", "Rwandan", "0", "CHUR", "0");
INSERT INTO peaples VALUES("844", "", "", "", "", "0", "0", "0", "", "", "Rwandan", "0", "CHUR", "0");
INSERT INTO peaples VALUES("845", "", "", "", "", "0", "0", "0", "", "", "Rwandan", "0", "CHUR", "0");
INSERT INTO peaples VALUES("846", "", "", "", "", "0", "0", "0", "", "", "Rwandan", "0", "CHUR", "0");
INSERT INTO peaples VALUES("847", "", "", "", "", "0", "0", "0", "", "", "Rwandan", "0", "CHUR", "0");
INSERT INTO peaples VALUES("848", "", "", "", "", "0", "0", "0", "", "", "Rwandan", "0", "CHUR", "0");
INSERT INTO peaples VALUES("849", "", "", "", "", "0", "0", "0", "", "", "Rwandan", "0", "CHUR", "0");
INSERT INTO peaples VALUES("850", "", "", "", "", "0", "0", "0", "", "", "Rwandan", "0", "CHUR", "0");
INSERT INTO peaples VALUES("851", "", "", "", "", "0", "0", "0", "", "", "Rwandan", "0", "CHUR", "0");
INSERT INTO peaples VALUES("852", "", "", "", "", "0", "0", "0", "", "", "Rwandan", "0", "CHUR", "0");
INSERT INTO peaples VALUES("853", "", "", "", "", "0", "0", "0", "", "", "Rwandan", "0", "CHUR", "0");
INSERT INTO peaples VALUES("854", "", "", "", "", "0", "0", "0", "", "", "Rwandan", "0", "CHUR", "0");
INSERT INTO peaples VALUES("855", "", "", "", "", "0", "0", "0", "", "", "Rwandan", "0", "CHUR", "0");
INSERT INTO peaples VALUES("856", "", "", "", "", "0", "0", "0", "", "", "Rwandan", "0", "CHUR", "0");
INSERT INTO peaples VALUES("857", "", "", "", "", "0", "0", "0", "", "", "Rwandan", "0", "CHUR", "0");
INSERT INTO peaples VALUES("858", "", "", "", "", "0", "0", "0", "", "", "Rwandan", "0", "CHUR", "0");
INSERT INTO peaples VALUES("859", "", "", "", "", "0", "0", "0", "", "", "Rwandan", "0", "CHUR", "0");
INSERT INTO peaples VALUES("860", "", "", "", "", "0", "0", "0", "", "", "Rwandan", "0", "CHUR", "0");
INSERT INTO peaples VALUES("861", "", "", "", "", "0", "0", "0", "", "", "Rwandan", "0", "CHUR", "0");
INSERT INTO peaples VALUES("862", "", "", "", "", "0", "0", "0", "", "", "Rwandan", "0", "CHUR", "0");
INSERT INTO peaples VALUES("863", "", "", "", "", "0", "0", "0", "", "", "Rwandan", "0", "CHUR", "0");
INSERT INTO peaples VALUES("864", "", "", "", "", "0", "0", "0", "", "", "Rwandan", "0", "CHUR", "0");
INSERT INTO peaples VALUES("865", "Ndayambaje", "Jean claude", "1198680032135187", "0785968537", "4", "15", "0", "", "", "Rwandan", "0", "CHUR", "0");
INSERT INTO peaples VALUES("866", "Akimana", "Ange", "11999170001395157", "0782212947", "5", "8", "102", "Kagugu", "Female", "Rwandan", "0", "CHUR", "1");
INSERT INTO peaples VALUES("867", "", "", "", "", "0", "0", "0", "", "", "Rwandan", "0", "CHUR", "0");
INSERT INTO peaples VALUES("868", "Nyirahabimana", "Agnes", "1196687006209065", "0725997028", "5", "9", "111", "Karembure", "Female", "Rwandan", "0", "CHUR", "1");
INSERT INTO peaples VALUES("869", "", "", "", "", "0", "0", "0", "", "", "Rwandan", "0", "CHUR", "0");
INSERT INTO peaples VALUES("870", "Ueamurengeye", "Thamar", "1197670037325051", "0788755142", "5", "9", "111", "Gahanga", "Female", "Rwandan", "0", "CHUR", "1");
INSERT INTO peaples VALUES("871", "Niyonkuru", "Innocent", "1199380036721070", "0786463925", "5", "8", "100", "Musezero", "Male", "Rwandan", "0", "CHUR", "1");
INSERT INTO peaples VALUES("872", "Nahimana", "Jean Marie David", "119918004916043", "0787382867", "5", "8", "102", "Rukingo", "Male", "Rwandan", "0", "CHUR", "1");
INSERT INTO peaples VALUES("873", "", "", "", "", "0", "0", "0", "", "", "Rwandan", "0", "CHUR", "0");
INSERT INTO peaples VALUES("874", "Rugwizangoga", "Emanuel", "1198380005009008", "0788496563", "5", "8", "102", "Kagugu", "Male", "Rwandan", "0", "CHUR", "1");
INSERT INTO peaples VALUES("875", "Ingabire", "Ruth", "", "0788476126", "5", "9", "120", "Nonko", "Female", "Rwandan", "0", "CHUR", "1");
INSERT INTO peaples VALUES("876", "", "", "", "", "0", "0", "0", "", "", "Rwandan", "0", "CHUR", "0");
INSERT INTO peaples VALUES("877", "", "", "", "", "0", "0", "0", "", "", "Rwandan", "0", "CHUR", "0");
INSERT INTO peaples VALUES("878", "", "", "", "", "0", "0", "0", "", "", "Rwandan", "0", "CHUR", "0");
INSERT INTO peaples VALUES("879", "", "", "", "", "0", "0", "0", "", "", "Rwandan", "0", "CHUR", "0");
INSERT INTO peaples VALUES("880", "Mukashema", "Suzane", "", "1234567890", "5", "8", "100", "Musezero", "Female", "Rwandan", "0", "CHUR", "1");
INSERT INTO peaples VALUES("881", "Magemeso", "Anthony", "0999276", "0781854797", "3", "18", "258", "Muganza", "Male", "Rwandan", "0", "CHUR", "1");
INSERT INTO peaples VALUES("882", "Nsengiyumva", "Eduard", "1197880003848084", "0788274092", "5", "8", "100", "Musezero", "Male", "Rwandan", "0", "CHUR", "1");
INSERT INTO peaples VALUES("883", "Nyuransabimana", "Clementine", "1199170085178066", "0783412623", "5", "8", "100", "Ruhango", "Female", "Rwandan", "0", "CHUR", "1");
INSERT INTO peaples VALUES("884", "", "", "", "", "0", "0", "0", "", "", "Rwandan", "0", "CHUR", "0");
INSERT INTO peaples VALUES("885", "Rutirabura", "Eleazar", "", "0786888782", "5", "8", "107", "Kamutwa", "Male", "Rwandan", "0", "CHUR", "1");
INSERT INTO peaples VALUES("886", "", "", "", "", "0", "0", "0", "", "", "Rwandan", "0", "CHUR", "0");
INSERT INTO peaples VALUES("887", "", "", "", "", "0", "0", "0", "", "", "Rwandan", "0", "CHUR", "0");
INSERT INTO peaples VALUES("888", "Mbanayezu", "Chadrack", "", "0784236908", "5", "8", "102", "Kagugu", "Male", "Rwandan", "0", "CHUR", "1");
INSERT INTO peaples VALUES("889", "", "", "", "", "0", "0", "0", "", "", "Rwandan", "0", "CHUR", "0");
INSERT INTO peaples VALUES("890", "Kagoyire", "Francoise", "1197117003788076", "0788640281", "5", "8", "109", "Kibabaga", "Female", "Rwandan", "0", "CHUR", "1");
INSERT INTO peaples VALUES("891", "Mukampamo", "Cansilde", "1197770005436143", "0784893340", "5", "8", "100", "Musezero", "Female", "Rwandan", "0", "CHUR", "1");
INSERT INTO peaples VALUES("892", "", "", "", "", "0", "0", "0", "", "", "Rwandan", "0", "CHUR", "0");
INSERT INTO peaples VALUES("893", "", "", "", "", "0", "0", "0", "", "", "Rwandan", "0", "CHUR", "0");
INSERT INTO peaples VALUES("894", "", "", "", "", "0", "0", "0", "", "", "Rwandan", "0", "CHUR", "0");
INSERT INTO peaples VALUES("895", "Ingabire", "Delphine", "", "0788999655", "5", "8", "107", "Kamutwa", "Female", "Rwandan", "0", "CHUR", "1");
INSERT INTO peaples VALUES("896", "Mukasine", "Marie", "1197370035723154", "0788423244", "5", "8", "102", "Kagugu", "Female", "Rwandan", "0", "CHUR", "1");
INSERT INTO peaples VALUES("897", "Amani", "Kagame", "", "0786111382", "5", "8", "109", "Kibagabaga", "Male", "Rwandan", "0", "CHUR", "1");
INSERT INTO peaples VALUES("898", "Ishimwe", "Becky", "", "0786784167", "5", "8", "102", "Kagugu", "Female", "Rwandan", "0", "CHUR", "1");
INSERT INTO peaples VALUES("899", "Ineza", "Lys galeed", "", "0786038060", "5", "9", "117", "Bwerankori", "Female", "Rwandan", "0", "CHUR", "1");
INSERT INTO peaples VALUES("900", "", "", "", "", "0", "0", "0", "", "", "Rwandan", "0", "CHUR", "0");
INSERT INTO peaples VALUES("901", "Jackson ", "Rukundo", "123", "0788671940", "5", "8", "107", "Kamutwa", "Male", "Rwandan", "0", "CHUR", "1");
INSERT INTO peaples VALUES("902", "", "", "", "", "0", "0", "0", "", "", "Rwandan", "0", "CHUR", "0");
INSERT INTO peaples VALUES("903", "", "", "", "", "0", "0", "0", "", "", "Rwandan", "0", "CHUR", "0");
INSERT INTO peaples VALUES("904", "", "", "", "", "0", "0", "0", "", "", "Rwandan", "0", "CHUR", "0");
INSERT INTO peaples VALUES("905", "Nyirashyirambere ", "Marie Louise ", "1195970001001040", "0788302644", "5", "8", "107", "Kamatamu", "Female", "Rwandan", "0", "CHUR", "1");
INSERT INTO peaples VALUES("906", "", "", "", "", "0", "0", "0", "", "", "Rwandan", "0", "CHUR", "0");
INSERT INTO peaples VALUES("907", "Madadi", "Bethesaida", "1199670177073184", "0782227521", "5", "8", "97", "Karuruma", "Female", "Rwandan", "0", "CHUR", "1");
INSERT INTO peaples VALUES("908", "", "", "", "", "0", "0", "0", "", "", "Rwandan", "0", "CHUR", "0");
INSERT INTO peaples VALUES("909", "", "", "", "", "0", "0", "0", "", "", "Rwandan", "0", "CHUR", "0");
INSERT INTO peaples VALUES("910", "Ruzindana", "Jean pierre", "1195680000993026", "0781562998", "5", "8", "97", "Nyabugogo", "Male", "Rwandan", "0", "CHUR", "1");
INSERT INTO peaples VALUES("911", "Nyirababikira M", "Solange", "11983700986884006", "0783668958", "5", "8", "100", "Musezero", "Female", "Rwandan", "0", "CHUR", "1");
INSERT INTO peaples VALUES("912", "", "", "", "", "0", "0", "0", "", "", "Rwandan", "0", "CHUR", "0");
INSERT INTO peaples VALUES("913", "Ndizeye ", "Pascal", "1197280096298009", "0788623169", "4", "14", "195", "Cyivugiza", "Male", "Rwandan", "0", "CHUR", "1");
INSERT INTO peaples VALUES("914", "", "", "", "", "0", "0", "0", "", "", "Rwandan", "0", "CHUR", "0");
INSERT INTO peaples VALUES("915", "Veridique", "Kigabo", "1199580140045004", "0789160891", "5", "8", "108", "Kimihurura", "Male", "Rwandan", "0", "CHUR", "1");
INSERT INTO peaples VALUES("916", "Niyonsaba ", "Vestine ", "", "0783222080", "5", "10", "123", "Nyabugogo", "Female", "Rwandan", "0", "CHUR", "1");
INSERT INTO peaples VALUES("917", "Shema ", "Ben", "", "0787919115", "5", "8", "107", "Kibaza", "Male", "Rwandan", "0", "CHUR", "1");
INSERT INTO peaples VALUES("918", "Uwase", "Divine", "", "0789355397", "5", "8", "100", "Musezero", "Female", "Rwandan", "0", "CHUR", "1");
INSERT INTO peaples VALUES("919", "", "", "", "", "0", "0", "0", "", "", "Rwandan", "0", "CHUR", "0");
INSERT INTO peaples VALUES("920", "Ruvuga", "Edwige", "", "0788495975", "5", "9", "113", "Kigarama", "Female", "Rwandan", "0", "CHUR", "1");
INSERT INTO peaples VALUES("921", "Niyonsaba ", "Liliane", "", "0788872764", "5", "8", "104", "Gatunga", "Female", "Rwandan", "0", "CHUR", "1");
INSERT INTO peaples VALUES("922", "Manishimwe", "Fabrice", "1200180002808030", "0781078796", "5", "8", "100", "Musezero", "Male", "Rwandan", "0", "CHUR", "1");
INSERT INTO peaples VALUES("923", "", "", "", "", "0", "0", "0", "", "", "Rwandan", "0", "CHUR", "0");
INSERT INTO peaples VALUES("924", "Mbonyingabo", "Shaalom", "", "0786126165", "5", "8", "100", "Musezero", "Male", "Rwandan", "0", "CHUR", "1");
INSERT INTO peaples VALUES("925", "Asifiwe", "Thiery", "", "0789165548", "5", "8", "97", "Karuruma", "Male", "Rwandan", "0", "CHUR", "1");
INSERT INTO peaples VALUES("926", "", "", "", "", "0", "0", "0", "", "", "Rwandan", "0", "CHUR", "0");
INSERT INTO peaples VALUES("927", "", "", "", "", "0", "0", "0", "", "", "Rwandan", "0", "CHUR", "0");
INSERT INTO peaples VALUES("928", "Kezimana", "Tania", "", "0781451405", "5", "9", "115", "Nyarungunga", "Female", "Rwandan", "0", "CHUR", "1");
INSERT INTO peaples VALUES("929", "Uwimana ", "Louise", "1199570191881071", "0782468769", "5", "8", "100", "Amajyambere", "Female", "Rwandan", "0", "CHUR", "1");
INSERT INTO peaples VALUES("930", "Uwera", "Grace", "1199870049652074", "0784686533", "5", "10", "127", "Munanira 1", "Female", "Rwandan", "0", "CHUR", "1");
INSERT INTO peaples VALUES("931", "Mukantwari", "Deborah", "1199570036384099", "0783828930", "5", "8", "100", "Musezero", "Female", "Rwandan", "0", "CHUR", "1");
INSERT INTO peaples VALUES("932", "", "", "", "", "0", "0", "0", "", "", "Rwandan", "0", "CHUR", "0");
INSERT INTO peaples VALUES("933", "", "", "", "", "0", "0", "0", "", "", "Rwandan", "0", "CHUR", "0");
INSERT INTO peaples VALUES("934", "", "", "", "", "0", "0", "0", "", "", "Rwandan", "0", "CHUR", "0");
INSERT INTO peaples VALUES("935", "", "", "", "", "0", "0", "0", "", "", "Rwandan", "0", "CHUR", "0");
INSERT INTO peaples VALUES("936", "", "", "", "", "0", "0", "0", "", "", "Rwandan", "0", "CHUR", "0");
INSERT INTO peaples VALUES("937", "", "", "", "", "0", "0", "0", "", "", "Rwandan", "0", "CHUR", "0");
INSERT INTO peaples VALUES("938", "Nkuliza", "Justace abdulkarim", "1198580035920151", "0788673119", "5", "8", "107", "Kamatamu", "Male", "Rwandan", "0", "CHUR", "1");
INSERT INTO peaples VALUES("939", "", "", "", "", "0", "0", "0", "", "", "Rwandan", "0", "CHUR", "0");
INSERT INTO peaples VALUES("940", "", "", "", "", "0", "0", "0", "", "", "Rwandan", "0", "CHUR", "0");
INSERT INTO peaples VALUES("941", "Iribori", "Francine", "119887000338285", "0782535513", "5", "8", "107", "Kamatama", "Female", "Rwandan", "0", "CHUR", "1");
INSERT INTO peaples VALUES("942", "", "", "", "", "0", "0", "0", "", "", "Rwandan", "0", "CHUR", "0");
INSERT INTO peaples VALUES("943", "", "", "", "", "0", "0", "0", "", "", "Rwandan", "0", "CHUR", "0");
INSERT INTO peaples VALUES("944", "", "", "", "", "0", "0", "0", "", "", "Rwandan", "0", "CHUR", "0");
INSERT INTO peaples VALUES("945", "Bishyirakera", "Joseph", "1196480072670045", "0788873443", "5", "8", "100", "Ruhango", "Male", "Rwandan", "0", "CHUR", "1");
INSERT INTO peaples VALUES("946", "Enock", "Mihigo", "", "0780052563", "5", "8", "109", "Kibagabaga", "Male", "Rwandan", "0", "CHUR", "1");
INSERT INTO peaples VALUES("947", "", "", "", "", "0", "0", "0", "", "", "Rwandan", "0", "CHUR", "0");
INSERT INTO peaples VALUES("948", "Mervaille", "Mastajabu", "", "0786958037", "5", "8", "100", "Ntora", "Male", "Rwandan", "0", "CHUR", "1");
INSERT INTO peaples VALUES("949", "Kayitesi", "Mamy", "13600011078", "0786831668", "5", "8", "108", "Mukina", "Female", "Rwandan", "0", "CHUR", "1");
INSERT INTO peaples VALUES("950", "Joyce", "Kabugi", "", "0785194068", "5", "8", "109", "Kibagabaga", "Female", "Rwandan", "0", "CHUR", "1");
INSERT INTO peaples VALUES("951", "", "", "", "", "0", "0", "0", "", "", "Rwandan", "0", "CHUR", "0");
INSERT INTO peaples VALUES("952", "Iradukubda", "Rachel", "1199670033378084", "0787381683", "5", "8", "102", "Kagugu", "Female", "Rwandan", "0", "CHUR", "1");
INSERT INTO peaples VALUES("953", "", "", "", "", "0", "0", "0", "", "", "Rwandan", "0", "CHUR", "0");
INSERT INTO peaples VALUES("954", "Mukandabereye", "Frotunete", "1196670067278040", "0782880244", "5", "9", "111", "Karembure", "Male", "Rwandan", "0", "CHUR", "1");
INSERT INTO peaples VALUES("955", "", "", "", "", "0", "0", "0", "", "", "Rwandan", "0", "CHUR", "0");
INSERT INTO peaples VALUES("956", "", "", "", "", "0", "0", "0", "", "", "Rwandan", "0", "CHUR", "0");
INSERT INTO peaples VALUES("957", "", "", "", "", "0", "0", "0", "", "", "Rwandan", "0", "CHUR", "0");
INSERT INTO peaples VALUES("958", "", "", "", "", "0", "0", "0", "", "", "Rwandan", "0", "CHUR", "0");
INSERT INTO peaples VALUES("959", "", "", "", "", "0", "0", "0", "", "", "Rwandan", "0", "CHUR", "0");
INSERT INTO peaples VALUES("960", "", "", "", "", "0", "0", "0", "", "", "Rwandan", "0", "CHUR", "0");



TRUNCATE TABLE users;

CREATE TABLE `users` (
  `user_id` int(11) NOT NULL AUTO_INCREMENT,
  `username` text NOT NULL,
  `email` varchar(100) NOT NULL,
  `phone` text NOT NULL,
  `password` varchar(100) NOT NULL,
  `type` text NOT NULL,
  `status` int(11) NOT NULL,
  PRIMARY KEY (`user_id`)
) ENGINE=InnoDB AUTO_INCREMENT=6 DEFAULT CHARSET=utf8mb4

INSERT INTO users VALUES("1", "agent", "", "", "abc123!", "admin", "0");
INSERT INTO users VALUES("2", "a", "goo@gg.com", "1233", "abc123!", "user", "0");
INSERT INTO users VALUES("3", "a", "goo@gg.com", "1233", "abc123!", "user", "0");



